corpus_size,mutation_percentage,mutated_chunk_count,unchanged_chunks_reused,new_chunks_embedded,reuse_ratio,hashing_time_ms,total_compilation_time_ms,reembedding_avoidance_pct,correctness_verified
100,0.0,0,100,0,1.0,0.40411949157714844,0.5283355712890625,100.0,True
100,1.0,1,99,1,0.99,0.36644935607910156,0.5209445953369141,99.0,True
100,5.0,5,95,5,0.95,0.3848075866699219,0.5447864532470703,95.0,True
100,10.0,10,90,10,0.9,0.3299713134765625,0.4775524139404297,90.0,True
100,25.0,25,75,25,0.75,0.4062652587890625,0.5726814270019531,75.0,True
100,50.0,50,50,50,0.5,0.33211708068847656,0.5383491516113281,50.0,True
100,100.0,100,0,100,0.0,0.3247261047363281,0.6024837493896484,0.0,True
250,0.0,0,250,0,1.0,0.8594989776611328,1.111745834350586,100.0,True
250,1.0,2,248,2,0.992,0.6699562072753906,0.8747577667236328,99.2,True
250,5.0,12,238,12,0.952,0.6392002105712891,0.8473396301269531,95.19999999999999,True
250,10.0,25,225,25,0.9,0.6566047668457031,0.8869171142578125,90.0,True
250,25.0,62,188,62,0.752,0.6291866302490234,0.9102821350097656,75.2,True
250,50.0,125,125,125,0.5,0.6625652313232422,1.0259151458740234,50.0,True
250,100.0,250,0,250,0.0,0.8106231689453125,1.3904571533203125,0.0,True
500,0.0,0,500,0,1.0,1.3942718505859375,1.8770694732666016,100.0,True
500,1.0,5,495,5,0.99,1.2331008911132812,1.6026496887207031,99.0,True
500,5.0,25,475,25,0.95,1.3072490692138672,1.7185211181640625,95.0,True
500,10.0,50,450,50,0.9,1.506805419921875,2.004384994506836,90.0,True
500,25.0,125,375,125,0.75,1.5981197357177734,2.346038818359375,75.0,True
500,50.0,250,250,250,0.5,1.451253890991211,2.2978782653808594,50.0,True
500,100.0,500,0,500,0.0,1.5103816986083984,3.070354461669922,0.0,True
1000,0.0,0,1000,0,1.0,3.7031173706054688,4.8694610595703125,100.0,True
1000,1.0,10,990,10,0.99,3.6096572875976562,4.735231399536133,99.0,True
1000,5.0,50,950,50,0.95,3.0930042266845703,4.1446685791015625,95.0,True
1000,10.0,100,900,100,0.9,2.9709339141845703,4.123926162719727,90.0,True
1000,25.0,250,750,250,0.75,3.0791759490966797,4.543781280517578,75.0,True
1000,50.0,500,500,500,0.5,3.147602081298828,4.857540130615234,50.0,True
1000,100.0,1000,0,1000,0.0,2.9234886169433594,5.459785461425781,0.0,True
2500,0.0,0,2500,0,1.0,7.222652435302734,9.666919708251953,100.0,True
2500,1.0,25,2475,25,0.99,7.61103630065918,10.259151458740234,99.0,True
2500,5.0,125,2375,125,0.95,7.560014724731445,10.682106018066406,95.0,True
2500,10.0,250,2250,250,0.9,6.598949432373047,15.652179718017578,90.0,True
2500,25.0,625,1875,625,0.75,6.848335266113281,10.585784912109375,75.0,True
2500,50.0,1250,1250,1250,0.5,8.613109588623047,15.887737274169922,50.0,True
2500,100.0,2500,0,2500,0.0,7.033109664916992,13.202905654907227,0.0,True
3000,0.0,0,3000,0,1.0,8.22591781616211,11.382579803466797,100.0,True
3000,1.0,30,2970,30,0.99,7.891416549682617,10.595321655273438,99.0,True
3000,5.0,150,2850,150,0.95,7.842063903808594,11.488676071166992,95.0,True
3000,10.0,300,2700,300,0.9,11.92927360534668,17.011165618896484,90.0,True
3000,25.0,750,2250,750,0.75,7.831335067749023,12.407302856445312,75.0,True
3000,50.0,1500,1500,1500,0.5,8.234739303588867,13.727426528930664,50.0,True
3000,100.0,3000,0,3000,0.0,8.371591567993164,16.867876052856445,0.0,True
