dimension,subgroup,sample_size_N,accuracy_or_hit_rate_pct,ci_95_low_pct,ci_95_high_pct,mean_latency_ms,median_p50_latency_ms,p90_latency_ms,p95_latency_ms,p99_latency_ms,sd_latency_ms
OVERALL,All_Queries,922,91.97,90.04,93.56,9.98,1.77,29.35,32.02,34.66,12.03
ROUTE_TIER,ABSTAIN,10,100.00,72.25,100.00,3.00,2.96,3.56,3.89,4.14,0.59
ROUTE_TIER,FAST_PATH_COMPILED_QA,60,100.00,93.98,100.00,2.29,2.38,3.15,3.25,3.37,0.63
ROUTE_TIER,FAST_PATH_FACT,455,100.00,99.16,100.00,1.19,1.17,1.68,1.73,1.78,0.35
ROUTE_TIER,HYBRID_RAG,313,76.36,71.35,80.73,26.26,26.23,32.92,34.36,34.87,4.87
ROUTE_TIER,REFUSAL,24,100.00,86.20,100.00,3.85,3.94,4.86,4.93,4.96,0.82
ROUTE_TIER,TEMPORAL_COMPARISON,60,100.00,93.98,100.00,3.01,2.81,4.19,4.35,4.43,0.78
CATEGORY,CATEGORY_A_FACTS,120,100.00,96.90,100.00,1.19,1.18,1.68,1.75,1.78,0.35
CATEGORY,CATEGORY_B_CANONICAL_QA,60,100.00,93.98,100.00,2.29,2.38,3.15,3.25,3.37,0.63
CATEGORY,CATEGORY_C_SEMANTIC,120,100.00,96.90,100.00,26.66,26.37,33.59,34.35,34.87,4.90
CATEGORY,CATEGORY_D_MULTI_CLAUSE,50,100.00,92.87,100.00,26.20,26.11,31.78,34.07,34.83,4.80
CATEGORY,CATEGORY_E_TEMPORAL,240,100.00,98.42,100.00,1.19,1.18,1.69,1.73,1.78,0.35
CATEGORY,CATEGORY_F_COMPARISON,40,100.00,91.24,100.00,2.99,2.85,4.05,4.23,4.41,0.76
CATEGORY,CATEGORY_G_AUTHORIZATION,30,100.00,88.65,100.00,2.45,1.93,4.20,4.58,4.91,1.43
CATEGORY,CATEGORY_H_CROSS_DEPARTMENT,4,0.00,0.00,48.99,26.23,26.31,32.58,32.74,32.86,6.18
CATEGORY,CATEGORY_I_CONFIDENTIALITY,5,100.00,56.55,100.00,4.50,4.85,4.91,4.93,4.94,0.52
CATEGORY,CATEGORY_J_AMBIGUOUS,5,100.00,56.55,100.00,2.93,3.03,3.35,3.37,3.38,0.43
CATEGORY,CATEGORY_K_OOD,5,100.00,56.55,100.00,3.07,2.89,3.92,4.07,4.18,0.70
CATEGORY,CATEGORY_L_ADVERSARIAL,4,100.00,51.01,100.00,3.44,3.17,4.41,4.63,4.82,0.86
CATEGORY,CATEGORY_M_INDIRECT_INJECTION,3,100.00,43.85,100.00,25.47,24.86,30.50,31.21,31.77,5.03
CATEGORY,CATEGORY_N_WRONG_VERSION_ATTACK,30,3.33,0.59,16.67,25.52,25.47,32.36,32.92,33.97,4.51
CATEGORY,CATEGORY_O_NEAR_DUPLICATE,25,4.00,0.71,19.54,25.64,26.17,33.30,33.70,34.46,5.41
CATEGORY,CATEGORY_P_CONTRADICTORY,20,100.00,83.89,100.00,3.04,2.65,4.29,4.35,4.41,0.82
CATEGORY,CATEGORY_Q_NEGATION,30,100.00,88.65,100.00,25.57,25.63,31.35,34.59,34.73,4.55
CATEGORY,CATEGORY_R_NUMERICAL,17,0.00,0.00,18.43,24.88,24.42,31.47,33.56,34.66,4.83
CATEGORY,CATEGORY_S_MULTI_POLICY,4,100.00,51.01,100.00,32.76,32.68,33.83,34.04,34.21,1.01
CATEGORY,CATEGORY_T_LONG_COMPLEX,30,100.00,88.65,100.00,26.69,27.75,31.97,32.32,33.81,4.22
CATEGORY,METAMORPHIC_INVARIANT,40,100.00,91.24,100.00,1.27,1.27,1.59,1.68,1.75,0.30
CATEGORY,METAMORPHIC_VARIANT,40,100.00,91.24,100.00,1.12,0.95,1.68,1.72,1.76,0.39
SECURITY_AUTH,Pre_Retrieval_Gate,922,100.00,99.90,100.00,0.45,0.32,0.85,1.10,1.65,0.22
