Claim_ID,Subsystem,Manuscript_Claim,Metric_Name,Observed_Value,Evaluated_N,Confidence_Interval_95,Evaluation_Regime,Verdict,Approved_Scientific_Wording,Source_File,Source_Row
C001,Compiler,24.95x speedup on 5% mutation delta,Compilation Speedup,24.95x,5 trials,"[23.8x, 26.1x]",Expanded Characterization (3000 chunks),SAFE,"On the expanded 3,000-chunk characterization corpus, a 5.0% mutation delta avoided re-embedding for 95.0% of chunks and reduced compilation time from 52.4 s to 2.10 s, corresponding to a 24.95x speedup.",results/system_characterization/incremental_compiler_benchmark.csv,Row 2 (5% delta)
C002,Router,63.4% deterministic/refusal fast path,Deterministic Fast-Path Share,63.45%,922 queries,"[60.3%, 66.5%]",Expanded Characterization (922 queries),SAFE,"Deterministic and refusal paths accounted for 63.4% (585/922) of characterization queries; Tier 0 and Tier 1 together accounted for 55.9% (515/922).",results/system_characterization/router_characterization.csv,Row 6 (Total Deterministic)
C003,Security,0 leaks across 3840 evaluations,Authorization Leakage Rate,0.00%,3840 evaluations,"[0.00%, 0.08%] (1-sided upper)",Expanded Characterization (32 users x 120 policies),SAFE,"No unauthorized candidate evidence was observed entering the reranker or prompt context across 3,840 authorization evaluations spanning 32 user archetypes and 120 policy documents (0 leaks/3,840 trials; 95% upper bound <0.08%).",results/system_characterization/authorization_scope_matrix.csv,Summary Row (Overall)
C004,Retrieval,94.47% Recall@1 with RRF+Cross-Encoder,Retrieval Recall@1,94.47%,922 queries (877 answerable),"[92.8%, 95.8%]",Expanded Characterization (922 queries),SAFE,"In the expanded 922-query characterization suite (chunk-level evaluation on 877 answerable queries), FlashRank Cross-Encoder reranking achieves 94.47% Recall@1 (871/922) and 99.4% Recall@10.",results/system_characterization/retrieval_progression.csv,Row 4 (RRF+Reranker K=100)
C005,Generation,0.962 Token F1 under fixed gold evidence,Fixed-Gold Token F1,0.9620,100 queries,"[0.941, 0.983]",Expanded Characterization (100 gold chunks),QUALIFIED,"When given fixed gold evidence, generation reached 0.962 Token F1 and 100% target concept recall, isolating surface generation from upstream retrieval.",results/system_characterization/generation_fixed_evidence.csv,Summary Row (Token F1 Mean)
C006,Generation,27.91% local exact answer match,End-to-End Exact Match,27.91%,301 queries,"[23.1%, 33.3%]",Frozen Baseline (301 queries),SAFE,"End-to-end exact answer match on the frozen 301-query baseline is 27.91% (84/301) for local qwen3:4b (Token F1: 0.3516) and 27.57% for Gemini 2.0 Flash.",results/system_characterization/baseline_benchmark_301.csv,Row 1 (Exact Match)
C007,Calibration,0.041 validation ECE vs 0.2954 runtime ECE,Expected Calibration Error,0.041 / 0.2954,Held-out validation / live runtime,"[0.028, 0.056]",Validation split & Runtime distribution,SAFE,"Isotonic regression reduced Expected Calibration Error to 0.041 on held-out validation, while runtime ECE reached 0.2954 under live query distribution shift.",results/system_characterization/calibration_curve.csv,Row 2 (Validation) & Row 3 (Runtime)
C008,Concurrency,234.7 QPS at 1 worker to 137 QPS at 50-100 workers,Throughput & Latency Scaling,234.7 -> 137.2 QPS,1000 queries (1-100 workers),N/A,Concurrency Scaling (1-100 threads),SAFE,"Concurrency testing preserved multi-tenant isolation (0 leaks), while throughput saturated near 137 QPS and median latency rose from 4.35 ms to 317.82 ms due to lock synchronization contention.",results/system_characterization/concurrency_scaling.csv,Rows 1-5 (Worker Scaling)
C009,Consistency,100% post-mutation consistency across 20 cycles,Post-Mutation Consistency,100.0%,20 cycles,"[83.9%, 100.0%]",Mutation Consistency (20 cycles),SAFE,"All 20 evaluated mutation cycles preserved active-version retrieval, historical point-in-time retrieval, tombstone removal, and cache invalidation.",results/system_characterization/mutation_consistency_trace.jsonl,Lines 1-20 (Trace summary)
C010,Adversarial,88.9% local / 100% cloud adversarial refusal,Adversarial Refusal Accuracy,88.89% / 100.0%,18 adversarial queries,"[67.2%, 96.9%]",Frozen Baseline (18 adversarial cases),SAFE,"Adversarial refusal accuracy reached 88.89% (16/18) under local execution and 100.0% (18/18) under cloud execution.",results/system_characterization/failure_taxonomy.csv,Row 5 (Adversarial Refusal)
