Corpus Size (Chunks),Mutation Delta (%),Mutated Chunks,Reused Chunks,Re-embedded Chunks,Re-Embedding Avoidance,Total Compile Time (s),Cold Rebuild Time (s),Speedup Factor
100 Chunks,0.0% (No-op),0,100,0,100.0% (100/100),0.012,1.85,154.2x
100 Chunks,5.0%,5,95,5,95.0% (95/100),0.085,1.85,21.8x
500 Chunks,5.0%,25,475,25,95.0% (475/500),0.420,8.50,20.2x
"1,000 Chunks",5.0%,50,950,50,95.0% (950/1000),0.780,17.20,22.1x
"2,500 Chunks",5.0%,125,"2,375",125,95.0% (2375/2500),1.750,43.50,24.9x
"3,000 Chunks",1.0%,30,"2,970",30,99.0% (2970/3000),0.650,52.40,80.6x
"3,000 Chunks",5.0%,150,"2,850",150,95.0% (2850/3000),2.100,52.40,24.9x
"3,000 Chunks",10.0%,300,"2,700",300,90.0% (2700/3000),4.800,52.40,10.9x
"3,000 Chunks",25.0%,750,"2,250",750,75.0% (2250/3000),12.500,52.40,4.19x
"3,000 Chunks",50.0%,"1,500","1,500","1,500",50.0% (1500/3000),25.800,52.40,2.03x
"3,000 Chunks",100.0%,"3,000",0,"3,000",0.0% (0/3000),52.400,52.40,1.00x
