Calibration Scheme,Brier Score,ECE (10-bin),Brier Reduction (%),ECE Reduction (%)
"Raw Confidence (Uncalibrated, Test Set)",0.4264,0.4048,Baseline,Baseline
"Isotonic Regression (Fitted on Val, Evaluated on Test)",0.213,0.1489,50.1,63.2

Reliability Diagram (Raw) — Bin Center,Mean Confidence,Mean Accuracy,N Samples
0.05,0.0,0.25,68
0.25,0.2643,0.3333,3
0.45,0.4072,0.5,2
0.55,0.5666,1.0,1
0.65,0.6772,0.7143,21
0.75,0.7611,0.2982,57
0.85,0.8324,0.1556,90
0.95,0.9701,0.5143,35

Reliability Diagram (Calibrated) — Bin Center,Mean Confidence,Mean Accuracy,N Samples
0.05,0.0667,0.25,68
0.15,0.1736,0.3333,3
0.25,0.261,0.3704,108
0.35,0.3157,0.1169,77
0.75,0.75,0.6444,45
