Query ID,Query,Route,Predicted Answer,Gold Target Answer,Retrieved Chunks,Policy Version,Confidence,Citations,Failure Type
qa_950,What are the rules for Attendance & Punctuality Policy - 4. Unauthorized Absence?,HYBRID_RAG,"According to the Attendance & Punctuality Policy (v1.0, Attendance & Punctuality Policy): ATTENDANCE & PUNCTUALITY POLIC",Unauthorized Absence 3 consecutive days of unexcused absence without communication constitutes job abandonment and trigg,8,1.0,0.909,3,citation_error
qa_618,What are the rules for Remote Work Policy - 1. Eligibility?,FAST_PATH_FACT,"According to the Remote Work Policy (v2.0), the Remote Work is 3 days per week (weekly remote schedule).","Eligibility Employees with 12+ months tenure may apply for remote work, subject to manager approval.",1,2.0,1.0,1,wrong_version
qa_652,What are the rules for Remote Work Policy - 5. Security?,FAST_PATH_FACT,"According to the Remote Work Policy (v2.0), the Remote Work is 3 days per week (weekly remote schedule).",Security VPN + MFA mandatory for all remote access. Security incidents must be reported within 24 hours.,1,2.0,1.0,1,wrong_fact
qa_650,What is the travel expense reimbursement limit?,HYBRID_RAG,"According to the Travel & Expense Policy (v1.0, Travel & Expense Policy): TRAVEL & EXPENSE POLICY — v1.0 Effective Date:",500/month internet reimbursement claimable via the expense portal.,8,1.0,0.907,3,wrong_version
qa_762,What is the travel expense reimbursement limit?,HYBRID_RAG,"According to the Travel & Expense Policy (v1.0, Travel & Expense Policy): TRAVEL & EXPENSE POLICY — v1.0 Effective Date:",Reimbursement Submit all original receipts via the expense portal within 7 days of return. Reimbursement processed withi,8,1.0,0.907,3,citation_error
qa_885,"What is the policy regarding Hardware, Laptop & BYOD Asset Policy - 4. Asset Care & Negligence?",HYBRID_RAG,"According to the Hardware, Laptop & BYOD Asset Policy (v1.0, Hardware, Laptop & BYOD Asset Policy): HARDWARE, LAPTOP & B",Asset Care & Negligence Repairs resulting from gross negligence are subject to an employee deductible of Rs.,8,1.0,0.95,3,citation_error
qa_789,What are the rules for Performance Evaluation & Promotion Policy - 2. Rating Scale?,HYBRID_RAG,"According to the Performance Evaluation & Promotion Policy (v1.0, Performance Evaluation & Promotion Policy): PERFORMANC",Rating Scale Ratings range from 1 (Unsatisfactory) to 5 (Exceeds Expectations). Rating 3 represents Meets Expectations.,8,1.0,0.925,3,citation_error
qa_790,What is the policy regarding Performance Evaluation & Promotion Policy - 3. Promotion Criteria?,HYBRID_RAG,"According to the Performance Evaluation & Promotion Policy (v1.0, Performance Evaluation & Promotion Policy): PERFORMANC",Promotion Criteria Promotion requires a minimum of 18 months in the current role and consecutive ratings of 4 or 5.,8,1.0,0.935,3,citation_error
qa_778,What is the policy regarding Health & Group Medical Insurance Policy - 4. Cashless Hospitalization?,FAST_PATH_FACT,"According to the Health & Group Medical Insurance Policy (v1.0), the Medical Insurance Cover is Rs. 5,00,000 (family flo","Cashless Hospitalization Cashless claims are available across 6,000+ network hospitals.",1,1.0,1.0,1,wrong_fact
qa_793,What is the policy regarding Performance Evaluation & Promotion Policy - 4. Performance Improvement Plan (PIP)?,FAST_PATH_FACT,"According to the Performance Evaluation & Promotion Policy (v1.0), the PIP Timeline is 60 days (performance improvement ",Performance Improvement Plan (PIP) Employees receiving a rating of 1 or 2 are placed on a 60 days performance improvemen,1,1.0,1.0,1,citation_error
sem_04,What is the parental leave duration for primary and secondary caregivers?,ABSTAINED,I cannot provide a confident answer based on the available policies. Reason: I could not find sufficient authoritative e,Primary caregivers are entitled to 16 weeks of paid leave; secondary caregivers receive 8 weeks of paid leave.,0,None,0.0,0,abstention_error
qa_788,What is the policy regarding Performance Evaluation & Promotion Policy - 2. Rating Scale?,HYBRID_RAG,"According to the Performance Evaluation & Promotion Policy (v1.0, Performance Evaluation & Promotion Policy): PERFORMANC",Rating Scale Ratings range from 1 (Unsatisfactory) to 5 (Exceeds Expectations). Rating 3 represents Meets Expectations.,8,1.0,0.936,3,citation_error
qa_916,What is the limit or entitlement for Relocation & Domestic Transfer Policy - 3. Moving Leave?,FAST_PATH_FACT,"According to the Relocation & Domestic Transfer Policy (v1.0), the Relocation Package is Rs. 1,00,000 (domestic relocati",Moving Leave Employees are granted 3 days paid relocation leave to organize housing and family settlement.,1,1.0,1.0,1,wrong_fact
qa_781,What are the core working hours?,FAST_PATH_FACT,"According to the Remote Work Policy (v2.0), the Working Hours is 10 AM – 4 PM hours (standard business hours).",Pre-authorization must be submitted within 24 hours of emergency admission.,1,2.0,1.0,1,wrong_version
qa_673,How do I request approval for Leave Policy - 4. Application?,ABSTAINED,I cannot provide a confident answer based on the available policies. Reason: I could not find sufficient authoritative e,"Application Submit to manager via email, minimum 5 working days in advance.",0,None,0.0,0,abstention_error
sem_08,What accommodations are available for employees requiring ergonomic workspace adjustments?,ABSTAINED,I cannot provide a confident answer based on the available policies. Reason: I could not find sufficient authoritative e,Employees may request an ergonomic workplace assessment and up to $500 annual equipment stipend through HR.,0,None,0.0,0,abstention_error
qa_883,"What is the policy regarding Hardware, Laptop & BYOD Asset Policy - 3. Lost / Stolen Devices?",HYBRID_RAG,"According to the Hardware, Laptop & BYOD Asset Policy (v1.0, Hardware, Laptop & BYOD Asset Policy): HARDWARE, LAPTOP & B",Lost / Stolen Devices Lost or stolen hardware must be reported immediately to it-helpdesk@company.com within 1 hour for ,8,1.0,0.95,3,citation_error
qa_771,What is the policy regarding Health & Group Medical Insurance Policy - 2. Dependent Eligibility?,FAST_PATH_FACT,"According to the Health & Group Medical Insurance Policy (v1.0), the Medical Insurance Cover is Rs. 5,00,000 (family flo","Dependent Eligibility Coverage includes employee, legally married spouse, and up to 2 dependent children up to age 25.",1,1.0,1.0,1,wrong_fact
qa_831,What is the policy regarding Intellectual Property & Invention Policy - 1. Ownership of Inventions?,HYBRID_RAG,"According to the Intellectual Property & Invention Policy (v1.0, Intellectual Property & Invention Policy): INTELLECTUAL","Ownership of Inventions All code, designs, patents, documentation, and trade secrets developed using company time or res",8,1.0,0.944,3,citation_error
sem_10,What are the protocols for international travel risk assessments and insurance?,ABSTAINED,I cannot provide a confident answer based on the available policies. Reason: I could not find sufficient authoritative e,All international travel requires International SOS registration and destination risk clearance 14 days prior to departu,0,None,0.0,0,abstention_error
qa_973,How do I request approval for Workplace Health & Emergency Safety Policy - 4. Ergonomic Support?,HYBRID_RAG,"According to the Workplace Health & Emergency Safety Policy (v1.0, Workplace Health & Emergency Safety Policy): WORKPLAC",Ergonomic Support Employees may request ergonomic chairs or vertical mice by submitting an assessment ticket to faciliti,8,1.0,1.0,3,citation_error
temp_hist_01,What was the standard daily meal allowance during June 2024?,ABSTAINED,I cannot provide a confident answer based on the available policies. Reason: I could not find sufficient authoritative e,The standard daily meal allowance was $75 per day under v1.0.,0,None,0.0,0,abstention_error
qa_911,What is the policy regarding Relocation & Domestic Transfer Policy - 2. Temporary Accommodation?,FAST_PATH_FACT,"According to the Relocation & Domestic Transfer Policy (v1.0), the Relocation Package is Rs. 1,00,000 (domestic relocati",Temporary Accommodation The company provides 15 days corporate guest house accommodation upon arrival in the new city.,1,1.0,1.0,1,wrong_fact
qa_656,What is the policy regarding Remote Work Policy - 6. Meetings?,FAST_PATH_FACT,"According to the Remote Work Policy (v2.0), the Remote Work is 3 days per week (weekly remote schedule).",Meetings Must be available during core hours (10 AM – 4 PM) and attend all mandatory meetings in person once per week.,1,2.0,1.0,1,wrong_fact
qa_970,What are the rules for Workplace Health & Emergency Safety Policy - 3. First Aid & Medical Room?,HYBRID_RAG,"According to the Workplace Health & Emergency Safety Policy (v1.0, Workplace Health & Emergency Safety Policy): WORKPLAC",First Aid & Medical Room Fully equipped First Aid kits and a paramedic are stationed on Floor 2 during all standard offi,8,1.0,0.95,3,citation_error
sem_05,What are the guidelines regarding receipt retention for petty cash purchases?,ABSTAINED,I cannot provide a confident answer based on the available policies. Reason: I could not find sufficient authoritative e,Original receipts must be retained for all transactions exceeding $25 and uploaded within 14 calendar days.,0,None,0.0,0,abstention_error
comp_02,What changed between v1 and v2 in the remote work policy?,FAST_PATH_FACT,"According to the Remote Work Policy (v1.0), the Remote Work is 1 days per week (weekly remote schedule).",Remote work allowance expanded from 2 days to 3 days per week with manager approval.,1,1.0,1.0,1,wrong_version
qa_941,What is the policy regarding Attendance & Punctuality Policy - 2. Arrival Grace Period?,FAST_PATH_FACT,"According to the Attendance & Punctuality Policy (v1.0), the Arrival Grace Period is 30 minutes (attendance check-in).",Arrival Grace Period Employees are granted a 30 minutes grace period from 9:00 AM to 9:30 AM for morning office swipe-in,1,1.0,1.0,1,citation_error
qa_824,What is the policy regarding Prevention of Sexual Harassment (POSH) Policy - 4. Investigation SLA?,HYBRID_RAG,"According to the Prevention of Sexual Harassment (POSH) Policy (v1.0, Prevention of Sexual Harassment (POSH) Policy): PR",Investigation SLA Investigations must be completed within 90 days of complaint submission with full confidentiality.,8,1.0,1.0,3,citation_error
qa_643,What is the limit or entitlement for Remote Work Policy - 2. Schedule?,FAST_PATH_FACT,"According to the Remote Work Policy (v2.0), the Remote Work is 3 days per week (weekly remote schedule).",Schedule Employees may work remotely up to 3 days per week. Minimum 2 in-office days required for collaboration.,1,2.0,1.0,1,citation_error
qa_979,What is the policy regarding Social Media & Public Communications Policy - 2. Personal Social Media Disclaimer?,HYBRID_RAG,"According to the Social Media & Public Communications Policy (v1.0, Social Media & Public Communications Policy): SOCIAL","Personal Social Media Disclaimer When discussing industry topics online, employees must include the disclaimer: 'Views e",8,1.0,0.955,3,citation_error
qa_776,What are the rules for Health & Group Medical Insurance Policy - 3. OPD Benefit?,FAST_PATH_FACT,"According to the Health & Group Medical Insurance Policy (v1.0), the Medical Insurance Cover is Rs. 5,00,000 (family flo",OPD Benefit Employees may claim an OPD allowance of Rs.,1,1.0,1.0,1,wrong_fact
qa_657,What are the rules for Remote Work Policy - 6. Meetings?,FAST_PATH_FACT,"According to the Remote Work Policy (v2.0), the Remote Work is 3 days per week (weekly remote schedule).",Meetings Must be available during core hours (10 AM – 4 PM) and attend all mandatory meetings in person once per week.,1,2.0,1.0,1,wrong_fact
qa_900,Who is eligible under Employee Referral Bonus Policy - 3. Candidate Eligibility?,FAST_PATH_FACT,"According to the Employee Referral Bonus Policy (v1.0), the Senior Referral Bonus is Rs. 50,000 (talent acquisition refe",Candidate Eligibility Referred candidates must not have applied to the company within the preceding 6 months.,1,1.0,1.0,1,wrong_fact
qa_763,How do I request approval for Travel & Expense Policy - 5. Reimbursement?,HYBRID_RAG,"According to the Travel & Expense Policy (v1.0, Travel & Expense Policy): TRAVEL & EXPENSE POLICY — v1.0 Effective Date:",Reimbursement Submit all original receipts via the expense portal within 7 days of return. Reimbursement processed withi,8,1.0,0.925,3,citation_error
fact_258,"What is the gift limit for Gift Limit under Gifts, Hospitality & Anti-Bribery Policy?",FAST_PATH_FACT,"According to the Gifts, Hospitality & Anti-Bribery Policy (v1.0), the Gift Limit is Rs. 2,000 (anti-bribery and complian","Rs. , INR",1,1.0,1.0,1,wrong_fact
qa_676,What are the rules for Leave Policy - 5. Maternity / Paternity?,FAST_PATH_FACT,"According to the Leave Policy (v2.0), the Maternity Leave is 26 weeks (maternity benefit).",Maternity / Paternity Maternity: 12 weeks. Paternity: 5 days.,1,2.0,1.0,1,wrong_version
qa_934,"What are the rules for Gifts, Hospitality & Anti-Bribery Policy - 4. Vendor Meals?",HYBRID_RAG,"According to the Gifts, Hospitality & Anti-Bribery Policy (v1.0, Gifts, Hospitality & Anti-Bribery Policy): GIFTS, HOSPI","Vendor Meals Business lunches hosted by vendors must be customary, reasonable, and not timed around active procurement t",8,1.0,0.936,3,citation_error
qa_732,What are the rules for IT Security Policy - 4. Data Classification?,HYBRID_RAG,"According to the IT Security Policy (v1.0, IT Security Policy): IT SECURITY POLICY — v1.0 Effective Date: 2024-02-01 1.","Data Classification All company data must be classified as Public, Internal, Confidential, or Restricted and handled acc",8,1.0,0.907,3,citation_error
qa_897,What is the limit or entitlement for Employee Referral Bonus Policy - 2. Payout Schedule?,FAST_PATH_FACT,"According to the Employee Referral Bonus Policy (v1.0), the Senior Referral Bonus is Rs. 50,000 (talent acquisition refe",Payout Schedule 50% of the referral bonus is paid in the month of joining; remaining 50% is paid after 90 days of contin,1,1.0,1.0,1,citation_error
fact_257,"What is the gift limit for Gift Limit under Gifts, Hospitality & Anti-Bribery Policy?",FAST_PATH_FACT,"According to the Gifts, Hospitality & Anti-Bribery Policy (v1.0), the Gift Limit is Rs. 2,000 (anti-bribery and complian","Rs. 2,000 INR",1,1.0,1.0,1,citation_error
qa_688,What is the policy regarding Leave Policy - 3. Carry-Forward?,HYBRID_RAG,"According to the Leave Policy (v1.0, Leave Policy): Carry-Forward Unused leave cannot be carried forward.",Carry-Forward Up to 5 days may be carried to next year.,8,1.0,0.908,3,wrong_version
qa_827,What is the policy regarding Prevention of Sexual Harassment (POSH) Policy - 5. Anti-Retaliation?,HYBRID_RAG,"According to the Prevention of Sexual Harassment (POSH) Policy (v1.0, Prevention of Sexual Harassment (POSH) Policy): PR",Anti-Retaliation Strict disciplinary action up to immediate termination will be taken against anyone attempting retaliat,8,1.0,1.0,3,citation_error
qa_783,What are the rules for Health & Group Medical Insurance Policy - 5. Maternity Cover?,FAST_PATH_FACT,"According to the Health & Group Medical Insurance Policy (v1.0), the Medical Insurance Cover is Rs. 5,00,000 (family flo",Maternity Cover Maternity hospitalization expense is covered up to Rs.,1,1.0,1.0,1,citation_error
fact_231,What is the core hours for Working Hours under Remote Work Policy?,FAST_PATH_FACT,"According to the Remote Work Policy (v2.0), the Remote Work is 3 days per week (weekly remote schedule).",10 AM – 4 PM hours,1,2.0,1.0,1,wrong_fact
qa_903,What are the restrictions or prohibited activities under Employee Referral Bonus Policy - 3. Candidate Eligibility?,FAST_PATH_FACT,"According to the Employee Referral Bonus Policy (v1.0), the Senior Referral Bonus is Rs. 50,000 (talent acquisition refe",Candidate Eligibility Referred candidates must not have applied to the company within the preceding 6 months.,1,1.0,1.0,1,wrong_fact
fact_para_235,How much is the paternity leave?,FAST_PATH_FACT,"According to the Leave Policy (v2.0), the Paternity Leave is 10 days (paternity benefit).",5 days,1,2.0,1.0,1,wrong_version
qa_809,What are the rules for Notice Period & Resignation Policy - 3. Notice Buyout?,FAST_PATH_FACT,"According to the Notice Period & Resignation Policy (v1.0), the Notice Period is 2 months (resignation & termination).",Notice Buyout Notice buyout is subject to business continuity approval by the Department Head and HR Director.,1,1.0,1.0,1,citation_error
qa_967,What is the policy regarding Workplace Health & Emergency Safety Policy - 2. Accident Reporting?,HYBRID_RAG,"According to the Workplace Health & Emergency Safety Policy (v1.0, Workplace Health & Emergency Safety Policy): WORKPLAC",Accident Reporting Any workplace injury or hazardous spill must be reported to the Safety Officer within 1 hour of occur,8,1.0,0.943,3,citation_error
qa_938,What are the rules for Attendance & Punctuality Policy - 1. Working Schedule?,HYBRID_RAG,"According to the Attendance & Punctuality Policy (v1.0, Attendance & Punctuality Policy): ATTENDANCE & PUNCTUALITY POLIC",Working Schedule Standard work day consists of 9 hours including a 1-hour lunch and rest break.,8,1.0,0.91,3,citation_error
qa_956,What is the policy regarding Overtime & On-Call Engineering Policy - 2. Incident Response Compensation?,HYBRID_RAG,"According to the Overtime & On-Call Engineering Policy (v1.0, Overtime & On-Call Engineering Policy): OVERTIME & ON-CALL",Incident Response Compensation Active production incident triage performed outside working hours is compensated at 1.5x ,8,1.0,0.95,3,citation_error
qa_881,"What are the eligibility requirements for Hardware, Laptop & BYOD Asset Policy - 2. Hardware Refresh Cycle?",HYBRID_RAG,"According to the Hardware, Laptop & BYOD Asset Policy (v1.0, Hardware, Laptop & BYOD Asset Policy): HARDWARE, LAPTOP & B",Hardware Refresh Cycle Company laptops are eligible for a hardware refresh cycle every 3 years or upon reaching end-of-s,8,1.0,0.95,3,citation_error
qa_832,What are the rules for Intellectual Property & Invention Policy - 1. Ownership of Inventions?,HYBRID_RAG,"According to the Intellectual Property & Invention Policy (v1.0, Intellectual Property & Invention Policy): INTELLECTUAL","Ownership of Inventions All code, designs, patents, documentation, and trade secrets developed using company time or res",8,1.0,0.936,3,citation_error
qa_867,What is the policy regarding Learning & Educational Assistance Policy - 3. Service Commitment?,HYBRID_RAG,"According to the Learning & Educational Assistance Policy (v1.0, Learning & Educational Assistance Policy): LEARNING & E","Service Commitment Reimbursements exceeding Rs. 50,000 require a minimum 1-year service commitment following completion.",8,1.0,0.935,3,citation_error
qa_698,What is the limit or entitlement for Leave Policy - 5. Maternity / Paternity?,FAST_PATH_FACT,"According to the Leave Policy (v2.0), the Maternity Leave is 26 weeks (maternity benefit).",Maternity / Paternity Maternity: 26 weeks paid (Maternity Benefit Act 2017). Paternity: 10 days paid.,1,2.0,1.0,1,citation_error
sem_03,What security measures are mandatory when accessing corporate systems from remote locations?,HYBRID_RAG,"According to the Remote Work Policy (v2.0, Remote Work Policy - 5. Security): Security VPN + MFA mandatory for all remot","Employees must connect via corporate VPN, utilize multi-factor authentication (MFA), and maintain encrypted disk volumes",8,2.0,0.883,3,wrong_version
qa_873,What is the procedure for Learning & Educational Assistance Policy - 4. Approval Flow?,HYBRID_RAG,"According to the Learning & Educational Assistance Policy (v1.0, Learning & Educational Assistance Policy): LEARNING & E",Approval Flow Course proposals must be submitted through the Learning Portal with manager sign-off prior to course regis,8,1.0,0.935,3,citation_error
qa_639,How do I request approval for Remote Work Policy - 1. Eligibility?,FAST_PATH_FACT,"According to the Remote Work Policy (v2.0), the Remote Work is 3 days per week (weekly remote schedule).","Eligibility All full-time employees may apply from day one, subject to manager approval and role suitability.",1,2.0,1.0,1,wrong_fact
qa_917,How many days of annual leave do employees get?,FAST_PATH_FACT,"According to the Leave Policy (v2.0), the Annual Leave is 24 days (per calendar year).",Moving Leave Employees are granted 3 days paid relocation leave to organize housing and family settlement.,1,2.0,1.0,1,wrong_version
qa_840,What are the restrictions or prohibited activities under Intellectual Property & Invention Policy - 3. Moonlighting Restriction?,HYBRID_RAG,"According to the Intellectual Property & Invention Policy (v1.0, Intellectual Property & Invention Policy): INTELLECTUAL",Moonlighting Restriction Dual employment and external commercial freelance work in related industries is strictly prohib,8,1.0,0.955,3,citation_error
qa_794,What are the rules for Performance Evaluation & Promotion Policy - 4. Performance Improvement Plan (PIP)?,FAST_PATH_FACT,"According to the Performance Evaluation & Promotion Policy (v1.0), the PIP Timeline is 60 days (performance improvement ",Performance Improvement Plan (PIP) Employees receiving a rating of 1 or 2 are placed on a 60 days performance improvemen,1,1.0,1.0,1,citation_error
qa_787,What are the rules for Performance Evaluation & Promotion Policy - 1. Review Cycle?,HYBRID_RAG,"According to the Performance Evaluation & Promotion Policy (v1.0, Performance Evaluation & Promotion Policy): PERFORMANC",Review Cycle Performance appraisals occur bi-annually in June (mid-year review) and December (annual appraisal).,8,1.0,0.925,3,citation_error
qa_919,What are the rules for Relocation & Domestic Transfer Policy - 4. Clawback Clause?,FAST_PATH_FACT,"According to the Relocation & Domestic Transfer Policy (v1.0), the Relocation Package is Rs. 1,00,000 (domestic relocati","Clawback Clause If an employee resigns voluntarily within 12 months of relocation, 100% of the relocation allowance must",1,1.0,1.0,1,wrong_fact
qa_718,What are the rules for Code of Conduct - 5. POSH Compliance?,HYBRID_RAG,"According to the Code of Conduct (v1.0, Code of Conduct): CODE OF CONDUCT — v1.0 Effective Date: 2024-01-01 1.",POSH Compliance Any complaints regarding sexual harassment must be reported to the Internal Complaints Committee (ICC).,8,1.0,0.923,3,citation_error
qa_655,What are the core working hours?,FAST_PATH_FACT,"According to the Remote Work Policy (v2.0), the Working Hours is 10 AM – 4 PM hours (standard business hours).",Security incidents must be reported within 24 hours.,1,2.0,1.0,1,wrong_fact
qa_905,What are the rules for Employee Referral Bonus Policy - 4. Ineligible Referrers?,FAST_PATH_FACT,"According to the Employee Referral Bonus Policy (v1.0), the Senior Referral Bonus is Rs. 50,000 (talent acquisition refe","Ineligible Referrers Hiring managers, HR Talent Acquisition recruiters, and Executive Committee members are excluded fro",1,1.0,1.0,1,citation_error
qa_878,"What is the policy regarding Hardware, Laptop & BYOD Asset Policy - 2. Hardware Refresh Cycle?",HYBRID_RAG,"According to the Hardware, Laptop & BYOD Asset Policy (v1.0, Hardware, Laptop & BYOD Asset Policy): HARDWARE, LAPTOP & B",Hardware Refresh Cycle Company laptops are eligible for a hardware refresh cycle every 3 years or upon reaching end-of-s,8,1.0,0.95,3,citation_error
qa_904,What is the policy regarding Employee Referral Bonus Policy - 4. Ineligible Referrers?,FAST_PATH_FACT,"According to the Employee Referral Bonus Policy (v1.0), the Senior Referral Bonus is Rs. 50,000 (talent acquisition refe","Ineligible Referrers Hiring managers, HR Talent Acquisition recruiters, and Executive Committee members are excluded fro",1,1.0,1.0,1,citation_error
qa_637,Who is eligible under Remote Work Policy - 1. Eligibility?,FAST_PATH_FACT,"According to the Remote Work Policy (v2.0), the Remote Work is 3 days per week (weekly remote schedule).","Eligibility All full-time employees may apply from day one, subject to manager approval and role suitability.",1,2.0,1.0,1,wrong_fact
qa_806,What is the policy regarding Notice Period & Resignation Policy - 2. Probation Period Notice?,FAST_PATH_FACT,"According to the Notice Period & Resignation Policy (v1.0), the Notice Period is 2 months (resignation & termination).",Probation Period Notice Employees on probation must serve a notice period of 1 month.,1,1.0,1.0,1,citation_error
qa_978,What are the rules for Social Media & Public Communications Policy - 1. Authorized Spokespersons?,HYBRID_RAG,"According to the Social Media & Public Communications Policy (v1.0, Social Media & Public Communications Policy): SOCIAL","Authorized Spokespersons Only the CEO, CMO, and authorized PR leads may make public statements on behalf of the company.",8,1.0,0.936,3,citation_error
qa_811,What is the procedure for Notice Period & Resignation Policy - 3. Notice Buyout?,FAST_PATH_FACT,"According to the Notice Period & Resignation Policy (v1.0), the Notice Period is 2 months (resignation & termination).",Notice Buyout Notice buyout is subject to business continuity approval by the Department Head and HR Director.,1,1.0,1.0,1,citation_error
qa_677,What is the limit or entitlement for Leave Policy - 5. Maternity / Paternity?,FAST_PATH_FACT,"According to the Leave Policy (v2.0), the Maternity Leave is 26 weeks (maternity benefit).",Maternity / Paternity Maternity: 12 weeks. Paternity: 5 days.,1,2.0,1.0,1,wrong_version
qa_716,What are the rules for Code of Conduct - 4. Anti-Harassment?,HYBRID_RAG,"According to the Code of Conduct (v1.0, Code of Conduct): CODE OF CONDUCT — v1.0 Effective Date: 2024-01-01 1.","Anti-Harassment Zero tolerance for harassment, discrimination, or bullying of any kind.",8,1.0,0.923,3,citation_error
temp_hist_04,What was the bereavement leave allowance before July 2024?,HYBRID_RAG,"According to the Leave Policy (v2.0, Leave Policy): LEAVE POLICY — v2.0 Effective Date: 2024-07-01 1.",3 days of paid bereavement leave were provided for immediate family under the previous policy.,8,2.0,0.731,3,wrong_version
qa_863,What is the limit or entitlement for Learning & Educational Assistance Policy - 1. Annual Learning Budget?,FAST_PATH_FACT,"According to the Learning & Educational Assistance Policy (v1.0), the Annual Learning Budget is Rs. 40,000 (professional",Annual Learning Budget Full-time employees are eligible for an annual learning budget of Rs.,1,1.0,1.0,1,citation_error
qa_813,What are the rules for Notice Period & Resignation Policy - 4. Handover & Exit Clearance?,FAST_PATH_FACT,"According to the Notice Period & Resignation Policy (v1.0), the Notice Period is 2 months (resignation & termination).","Handover & Exit Clearance All company property, laptops, access badges, and knowledge documentation must be handed over ",1,1.0,1.0,1,wrong_fact
qa_726,What is the policy regarding IT Security Policy - 2. Device Usage?,HYBRID_RAG,"According to the IT Security Policy (v1.0, IT Security Policy): IT SECURITY POLICY — v1.0 Effective Date: 2024-02-01 1.",Device Usage Company devices must not be used for personal activities.,8,1.0,0.924,3,citation_error
fact_227,What is the remote work allowance for Remote Work under Remote Work Policy?,FAST_PATH_FACT,"According to the Remote Work Policy (v2.0), the Remote Work is 3 days per week (weekly remote schedule).",1 days per week,1,2.0,1.0,1,wrong_version
qa_834,What are the rules for Intellectual Property & Invention Policy - 2. Invention Disclosure?,HYBRID_RAG,"According to the Intellectual Property & Invention Policy (v1.0, Intellectual Property & Invention Policy): INTELLECTUAL",Invention Disclosure Employees must disclose any patentable invention to the Legal IP team within 14 days of creation.,8,1.0,0.925,3,citation_error
qa_839,What is the procedure for Intellectual Property & Invention Policy - 3. Moonlighting Restriction?,HYBRID_RAG,"According to the Intellectual Property & Invention Policy (v1.0, Intellectual Property & Invention Policy): INTELLECTUAL",Moonlighting Restriction Dual employment and external commercial freelance work in related industries is strictly prohib,8,1.0,0.936,3,citation_error
qa_635,What is the policy regarding Remote Work Policy - 1. Eligibility?,FAST_PATH_FACT,"According to the Remote Work Policy (v2.0), the Remote Work is 3 days per week (weekly remote schedule).","Eligibility All full-time employees may apply from day one, subject to manager approval and role suitability.",1,2.0,1.0,1,wrong_fact
qa_754,How do I request approval for Travel & Expense Policy - 3. Hotel?,FAST_PATH_FACT,"According to the Travel & Expense Policy (v1.0), the Travel Hotel is Rs. 5,000 (domestic travel).","Hotel Maximum Rs. 5,000/night for domestic travel.",1,1.0,1.0,1,citation_error
qa_880,"Who is eligible under Hardware, Laptop & BYOD Asset Policy - 2. Hardware Refresh Cycle?",HYBRID_RAG,"According to the Hardware, Laptop & BYOD Asset Policy (v1.0, Hardware, Laptop & BYOD Asset Policy): HARDWARE, LAPTOP & B",Hardware Refresh Cycle Company laptops are eligible for a hardware refresh cycle every 3 years or upon reaching end-of-s,8,1.0,0.955,3,citation_error
temp_hist_05,What was the equipment allowance during calendar year 2023?,ABSTAINED,I cannot provide a confident answer based on the available policies. Reason: I could not find sufficient authoritative e,The equipment stipend was $500 annually during 2023.,0,None,0.0,0,abstention_error
qa_854,What are the rules for Data Privacy & DPDP Compliance Policy - 4. Breach Notification?,HYBRID_RAG,"According to the Data Privacy & DPDP Compliance Policy (v1.0, Data Privacy & DPDP Compliance Policy): DATA PRIVACY & DPD",Breach Notification Any confirmed data breach involving PII must be notified to the Data Protection Officer (DPO) within,8,1.0,0.936,3,citation_error
qa_711,How do I request approval for Code of Conduct - 2. Conflicts of Interest?,HYBRID_RAG,"According to the Code of Conduct (v1.0, Code of Conduct): CODE OF CONDUCT — v1.0 Effective Date: 2024-01-01 1.",Conflicts of Interest Disclose any personal interests that may conflict with company interests to your manager.,8,1.0,0.945,3,citation_error
fact_254,What is the referral bonus junior for Junior Referral Bonus under Employee Referral Bonus Policy?,FAST_PATH_FACT,"According to the Employee Referral Bonus Policy (v1.0), the Junior Referral Bonus is Rs. 25,000 (talent acquisition refe","Rs. 25,000 INR",1,1.0,1.0,1,wrong_fact
qa_822,What are the rules for Prevention of Sexual Harassment (POSH) Policy - 3. Reporting Timeline?,HYBRID_RAG,"According to the Prevention of Sexual Harassment (POSH) Policy (v1.0, Prevention of Sexual Harassment (POSH) Policy): PR",Reporting Timeline Complaints must be submitted in writing to posh@company.com within 3 months of the incident date.,8,1.0,0.944,3,citation_error
qa_644,How many days per week can employees work remotely?,FAST_PATH_FACT,"According to the Remote Work Policy (v2.0), the Remote Work is 3 days per week (weekly remote schedule).",Schedule Employees may work remotely up to 3 days per week. Minimum 2 in-office days required for collaboration.,1,2.0,1.0,1,citation_error
qa_819,What is the policy regarding Prevention of Sexual Harassment (POSH) Policy - 2. Internal Committee (IC)?,HYBRID_RAG,"According to the Prevention of Sexual Harassment (POSH) Policy (v1.0, Prevention of Sexual Harassment (POSH) Policy): PR",Internal Committee (IC) An Internal Complaints Committee (ICC) presided over by a senior woman employee handles all form,8,1.0,1.0,3,citation_error
qa_893,How do I request approval for Employee Referral Bonus Policy - 1. Bonus Structure?,FAST_PATH_FACT,"According to the Employee Referral Bonus Policy (v1.0), the Senior Referral Bonus is Rs. 50,000 (talent acquisition refe",Bonus Structure Successful candidate referrals pay Rs.,1,1.0,1.0,1,citation_error
fact_para_227,How much is the remote work allowance?,FAST_PATH_FACT,"According to the Remote Work Policy (v2.0), the Remote Work is 3 days per week (weekly remote schedule).",1 days per week,1,2.0,1.0,1,wrong_version
qa_631,What is the policy regarding Remote Work Policy - 5. Meetings?,FAST_PATH_FACT,"According to the Remote Work Policy (v2.0), the Remote Work is 3 days per week (weekly remote schedule).",Meetings Employees must be available for all scheduled meetings during core hours (10 AM – 4 PM).,1,2.0,1.0,1,wrong_version
qa_982,What are the rules for Social Media & Public Communications Policy - 3. Confidential Information?,HYBRID_RAG,"According to the Social Media & Public Communications Policy (v1.0, Social Media & Public Communications Policy): SOCIAL","Confidential Information Posting screenshots of internal Slack channels, repositories, roadmaps, or unreleased financial",8,1.0,0.935,3,citation_error
qa_965,What is the policy regarding Workplace Health & Emergency Safety Policy - 1. Emergency Drills?,HYBRID_RAG,"According to the Workplace Health & Emergency Safety Policy (v1.0, Workplace Health & Emergency Safety Policy): WORKPLAC",Emergency Drills Fire evacuation drills are conducted quarterly across all office facilities.,8,1.0,0.944,3,citation_error
fact_256,What is the relocation allowance for Relocation Package under Relocation & Domestic Transfer Policy?,FAST_PATH_FACT,"According to the Relocation & Domestic Transfer Policy (v1.0), the Relocation Package is Rs. 1,00,000 (domestic relocati","Rs. , INR",1,1.0,1.0,1,wrong_fact
qa_846,What is the policy regarding Data Privacy & DPDP Compliance Policy - 1. Principles of Data Processing?,HYBRID_RAG,"According to the Data Privacy & DPDP Compliance Policy (v1.0, Data Privacy & DPDP Compliance Policy): DATA PRIVACY & DPD","Principles of Data Processing Personal data must be collected lawfully, processed transparently, and limited strictly to",8,1.0,0.955,3,citation_error
qa_833,What is the policy regarding Intellectual Property & Invention Policy - 2. Invention Disclosure?,HYBRID_RAG,"According to the Intellectual Property & Invention Policy (v1.0, Intellectual Property & Invention Policy): INTELLECTUAL",Invention Disclosure Employees must disclose any patentable invention to the Legal IP team within 14 days of creation.,8,1.0,0.936,3,citation_error
qa_877,"What are the rules for Hardware, Laptop & BYOD Asset Policy - 1. Device Issuance?",HYBRID_RAG,"According to the Hardware, Laptop & BYOD Asset Policy (v1.0, Hardware, Laptop & BYOD Asset Policy): HARDWARE, LAPTOP & B",Device Issuance Every engineer receives a company laptop (MacBook Pro or ThinkPad) with standard developer configuration,8,1.0,0.936,3,citation_error
qa_758,What is the limit or entitlement for Travel & Expense Policy - 4. Daily Allowance (DA)?,FAST_PATH_FACT,"According to the Travel & Expense Policy (v1.0), the Daily Allowance (Metro) is Rs. 1,500 (metro cities).",Daily Allowance (DA) Rs.,1,1.0,1.0,1,citation_error
qa_760,What are the rules for Travel & Expense Policy - 5. Reimbursement?,HYBRID_RAG,"According to the Travel & Expense Policy (v1.0, Travel & Expense Policy): TRAVEL & EXPENSE POLICY — v1.0 Effective Date:",Reimbursement Submit all original receipts via the expense portal within 7 days of return. Reimbursement processed withi,8,1.0,0.887,3,citation_error
fact_243,What is the hotel limit for Travel Hotel under Travel & Expense Policy?,FAST_PATH_FACT,"According to the Travel & Expense Policy (v1.0), the Travel Hotel is Rs. 5,000 (domestic travel).","Rs. 5,000 INR per night",1,1.0,1.0,1,citation_error
qa_868,What are the rules for Learning & Educational Assistance Policy - 3. Service Commitment?,HYBRID_RAG,"According to the Learning & Educational Assistance Policy (v1.0, Learning & Educational Assistance Policy): LEARNING & E","Service Commitment Reimbursements exceeding Rs. 50,000 require a minimum 1-year service commitment following completion.",8,1.0,0.925,3,citation_error
qa_983,What is the policy regarding Social Media & Public Communications Policy - 4. Media Inquiries?,HYBRID_RAG,"According to the Social Media & Public Communications Policy (v1.0, Social Media & Public Communications Policy): SOCIAL",Media Inquiries All journalist and media inquiries must be forwarded immediately to press@company.com without comment.,8,1.0,0.943,3,citation_error
sem_01,What is the formal procedure for submitting an out-of-pocket business expense?,ABSTAINED,I cannot provide a confident answer based on the available policies. Reason: I could not find sufficient authoritative e,Submit expense reports with itemized receipts via the enterprise portal within 30 days of travel.,0,None,0.0,0,abstention_error
qa_629,What is the policy regarding Remote Work Policy - 4. VPN?,FAST_PATH_FACT,"According to the Remote Work Policy (v2.0), the Remote Work is 3 days per week (weekly remote schedule).",VPN All remote employees must use company VPN when accessing internal systems.,1,2.0,1.0,1,wrong_version
fact_255,What is the relocation allowance for Relocation Package under Relocation & Domestic Transfer Policy?,FAST_PATH_FACT,"According to the Relocation & Domestic Transfer Policy (v1.0), the Relocation Package is Rs. 1,00,000 (domestic relocati","Rs. 1,00,000 INR",1,1.0,1.0,1,citation_error
fact_250,What is the notice period for Notice Period under Notice Period & Resignation Policy?,FAST_PATH_FACT,"According to the Notice Period & Resignation Policy (v1.0), the Notice Period is 2 months (resignation & termination).",1 months,1,1.0,1.0,1,wrong_fact
qa_621,How do I request approval for Remote Work Policy - 1. Eligibility?,FAST_PATH_FACT,"According to the Remote Work Policy (v2.0), the Remote Work is 3 days per week (weekly remote schedule).","Eligibility Employees with 12+ months tenure may apply for remote work, subject to manager approval.",1,2.0,1.0,1,wrong_version
qa_918,What is the policy regarding Relocation & Domestic Transfer Policy - 4. Clawback Clause?,FAST_PATH_FACT,"According to the Relocation & Domestic Transfer Policy (v1.0), the Relocation Package is Rs. 1,00,000 (domestic relocati","Clawback Clause If an employee resigns voluntarily within 12 months of relocation, 100% of the relocation allowance must",1,1.0,1.0,1,wrong_fact
qa_957,What are the rules for Overtime & On-Call Engineering Policy - 2. Incident Response Compensation?,HYBRID_RAG,"According to the Overtime & On-Call Engineering Policy (v1.0, Overtime & On-Call Engineering Policy): OVERTIME & ON-CALL",Incident Response Compensation Active production incident triage performed outside working hours is compensated at 1.5x ,8,1.0,0.944,3,citation_error
qa_861,Who is eligible under Learning & Educational Assistance Policy - 1. Annual Learning Budget?,FAST_PATH_FACT,"According to the Learning & Educational Assistance Policy (v1.0), the Annual Learning Budget is Rs. 40,000 (professional",Annual Learning Budget Full-time employees are eligible for an annual learning budget of Rs.,1,1.0,1.0,1,citation_error
qa_782,What is the policy regarding Health & Group Medical Insurance Policy - 5. Maternity Cover?,FAST_PATH_FACT,"According to the Health & Group Medical Insurance Policy (v1.0), the Medical Insurance Cover is Rs. 5,00,000 (family flo",Maternity Cover Maternity hospitalization expense is covered up to Rs.,1,1.0,1.0,1,citation_error
qa_862,What are the eligibility requirements for Learning & Educational Assistance Policy - 1. Annual Learning Budget?,FAST_PATH_FACT,"According to the Learning & Educational Assistance Policy (v1.0), the Annual Learning Budget is Rs. 40,000 (professional",Annual Learning Budget Full-time employees are eligible for an annual learning budget of Rs.,1,1.0,1.0,1,citation_error
qa_691,What is the policy regarding Leave Policy - 4. Application?,ABSTAINED,I cannot provide a confident answer based on the available policies. Reason: I could not find sufficient authoritative e,Application Submit via HR Portal (hr.company.in) minimum 3 working days in advance.,0,None,0.0,0,abstention_error
qa_838,How do I request approval for Intellectual Property & Invention Policy - 3. Moonlighting Restriction?,HYBRID_RAG,"According to the Intellectual Property & Invention Policy (v1.0, Intellectual Property & Invention Policy): INTELLECTUAL",Moonlighting Restriction Dual employment and external commercial freelance work in related industries is strictly prohib,8,1.0,0.944,3,citation_error
comp_01,Compare the travel expense policy between v1.0 and v2.0,HYBRID_RAG,"According to the Travel & Expense Policy (v1.0, Travel & Expense Policy Section 1): TRAVEL & EXPENSE POLICY — v1.0 Effec",Comparison of Travel & Expense Policy v1.0 vs v2.0 highlights updated meal allowance and lodging tiers.,8,1.0,0.849,3,wrong_version
unans_08,How many vacation days are granted for lunar vacations?,FAST_PATH_FACT,"According to the Leave Policy (v2.0), the Annual Leave is 24 days (per calendar year).",INSUFFICIENT_EVIDENCE,1,2.0,1.0,1,wrong_version
qa_969,What is the policy regarding Workplace Health & Emergency Safety Policy - 3. First Aid & Medical Room?,HYBRID_RAG,"According to the Workplace Health & Emergency Safety Policy (v1.0, Workplace Health & Emergency Safety Policy): WORKPLAC",First Aid & Medical Room Fully equipped First Aid kits and a paramedic are stationed on Floor 2 during all standard offi,8,1.0,0.955,3,citation_error
qa_624,What are the rules for Remote Work Policy - 2. Schedule?,FAST_PATH_FACT,"According to the Remote Work Policy (v2.0), the Remote Work is 3 days per week (weekly remote schedule).",Schedule Employees may work remotely up to 1 day per week.,1,2.0,1.0,1,wrong_version
qa_797,What is the procedure for Performance Evaluation & Promotion Policy - 4. Performance Improvement Plan (PIP)?,FAST_PATH_FACT,"According to the Performance Evaluation & Promotion Policy (v1.0), the PIP Timeline is 60 days (performance improvement ",Performance Improvement Plan (PIP) Employees receiving a rating of 1 or 2 are placed on a 60 days performance improvemen,1,1.0,1.0,1,citation_error
qa_892,What are the rules for Employee Referral Bonus Policy - 1. Bonus Structure?,FAST_PATH_FACT,"According to the Employee Referral Bonus Policy (v1.0), the Senior Referral Bonus is Rs. 50,000 (talent acquisition refe",Bonus Structure Successful candidate referrals pay Rs.,1,1.0,1.0,1,citation_error
qa_818,What are the rules for Prevention of Sexual Harassment (POSH) Policy - 1. Policy Statement?,HYBRID_RAG,"According to the Prevention of Sexual Harassment (POSH) Policy (v1.0, Prevention of Sexual Harassment (POSH) Policy): PR",Policy Statement The company maintains zero tolerance for sexual harassment and discriminatory behavior in the workplace,8,1.0,0.936,3,citation_error
qa_898,What is the policy regarding Employee Referral Bonus Policy - 3. Candidate Eligibility?,FAST_PATH_FACT,"According to the Employee Referral Bonus Policy (v1.0), the Senior Referral Bonus is Rs. 50,000 (talent acquisition refe",Candidate Eligibility Referred candidates must not have applied to the company within the preceding 6 months.,1,1.0,1.0,1,wrong_fact
qa_933,"What is the policy regarding Gifts, Hospitality & Anti-Bribery Policy - 4. Vendor Meals?",HYBRID_RAG,"According to the Gifts, Hospitality & Anti-Bribery Policy (v1.0, Gifts, Hospitality & Anti-Bribery Policy): GIFTS, HOSPI","Vendor Meals Business lunches hosted by vendors must be customary, reasonable, and not timed around active procurement t",8,1.0,0.944,3,citation_error
qa_853,What is the policy regarding Data Privacy & DPDP Compliance Policy - 4. Breach Notification?,HYBRID_RAG,"According to the Data Privacy & DPDP Compliance Policy (v1.0, Data Privacy & DPDP Compliance Policy): DATA PRIVACY & DPD",Breach Notification Any confirmed data breach involving PII must be notified to the Data Protection Officer (DPO) within,8,1.0,1.0,3,citation_error
fact_para_243,How much is the hotel limit?,FAST_PATH_FACT,"According to the Travel & Expense Policy (v1.0), the Travel Hotel is Rs. 5,000 (domestic travel).","Rs. 5,000 INR per night",1,1.0,1.0,1,citation_error
qa_694,How do I request approval for Leave Policy - 4. Application?,ABSTAINED,I cannot provide a confident answer based on the available policies. Reason: I could not find sufficient authoritative e,Application Submit via HR Portal (hr.company.in) minimum 3 working days in advance.,0,None,0.0,0,abstention_error
qa_720,What are the rules for Code of Conduct - 6. Disciplinary Action?,HYBRID_RAG,"According to the Code of Conduct (v1.0, Code of Conduct): CODE OF CONDUCT — v1.0 Effective Date: 2024-01-01 1.","Disciplinary Action Violations may result in verbal warning, written warning, suspension, or termination depending on se",8,1.0,0.918,3,citation_error
qa_727,What are the rules for IT Security Policy - 2. Device Usage?,HYBRID_RAG,"According to the IT Security Policy (v1.0, IT Security Policy): IT SECURITY POLICY — v1.0 Effective Date: 2024-02-01 1.",Device Usage Company devices must not be used for personal activities.,8,1.0,0.909,3,citation_error
qa_913,What is the limit or entitlement for Relocation & Domestic Transfer Policy - 2. Temporary Accommodation?,FAST_PATH_FACT,"According to the Relocation & Domestic Transfer Policy (v1.0), the Relocation Package is Rs. 1,00,000 (domestic relocati",Temporary Accommodation The company provides 15 days corporate guest house accommodation upon arrival in the new city.,1,1.0,1.0,1,wrong_fact
qa_848,What is the policy regarding Data Privacy & DPDP Compliance Policy - 2. Encryption Standards?,HYBRID_RAG,"According to the Data Privacy & DPDP Compliance Policy (v1.0, Data Privacy & DPDP Compliance Policy): DATA PRIVACY & DPD",Encryption Standards All Customer Personally Identifiable Information (PII) must be encrypted using AES-256 at rest and ,8,1.0,0.944,3,citation_error
qa_915,What are the rules for Relocation & Domestic Transfer Policy - 3. Moving Leave?,FAST_PATH_FACT,"According to the Relocation & Domestic Transfer Policy (v1.0), the Relocation Package is Rs. 1,00,000 (domestic relocati",Moving Leave Employees are granted 3 days paid relocation leave to organize housing and family settlement.,1,1.0,1.0,1,wrong_fact
qa_695,What is the procedure for Leave Policy - 4. Application?,ABSTAINED,I cannot provide a confident answer based on the available policies. Reason: I could not find sufficient authoritative e,Application Submit via HR Portal (hr.company.in) minimum 3 working days in advance.,0,None,0.0,0,abstention_error
qa_799,What are the rules for Performance Evaluation & Promotion Policy - 5. Appeals?,HYBRID_RAG,"According to the Performance Evaluation & Promotion Policy (v1.0, Performance Evaluation & Promotion Policy): PERFORMANC",Appeals Employees may appeal appraisal ratings to the HR Talent Committee within 14 days of receipt.,8,1.0,0.909,3,citation_error
qa_836,What is the policy regarding Intellectual Property & Invention Policy - 3. Moonlighting Restriction?,HYBRID_RAG,"According to the Intellectual Property & Invention Policy (v1.0, Intellectual Property & Invention Policy): INTELLECTUAL",Moonlighting Restriction Dual employment and external commercial freelance work in related industries is strictly prohib,8,1.0,0.936,3,citation_error
qa_640,What is the procedure for Remote Work Policy - 1. Eligibility?,FAST_PATH_FACT,"According to the Remote Work Policy (v2.0), the Remote Work is 3 days per week (weekly remote schedule).","Eligibility All full-time employees may apply from day one, subject to manager approval and role suitability.",1,2.0,1.0,1,wrong_fact
fact_245,What is the daily allowance non metro for Daily Allowance (Non-Metro) under Travel & Expense Policy?,FAST_PATH_FACT,"According to the Travel & Expense Policy (v1.0), the Daily Allowance (Non-Metro) is Rs. 1,000 (non-metro cities).","Rs. 1,000 INR per day",1,1.0,1.0,1,wrong_fact
qa_894,What is the procedure for Employee Referral Bonus Policy - 1. Bonus Structure?,FAST_PATH_FACT,"According to the Employee Referral Bonus Policy (v1.0), the Senior Referral Bonus is Rs. 50,000 (talent acquisition refe",Bonus Structure Successful candidate referrals pay Rs.,1,1.0,1.0,1,citation_error
qa_912,What are the rules for Relocation & Domestic Transfer Policy - 2. Temporary Accommodation?,FAST_PATH_FACT,"According to the Relocation & Domestic Transfer Policy (v1.0), the Relocation Package is Rs. 1,00,000 (domestic relocati",Temporary Accommodation The company provides 15 days corporate guest house accommodation upon arrival in the new city.,1,1.0,1.0,1,wrong_fact
qa_744,What is the procedure for Travel & Expense Policy - 1. Pre-Approval?,HYBRID_RAG,"According to the Travel & Expense Policy (v1.0, Travel & Expense Policy): TRAVEL & EXPENSE POLICY — v1.0 Effective Date:",Pre-Approval All business travel must be pre-approved by the reporting manager and Finance.,8,1.0,0.924,3,citation_error
qa_752,What is the limit or entitlement for Travel & Expense Policy - 3. Hotel?,FAST_PATH_FACT,"According to the Travel & Expense Policy (v1.0), the Travel Hotel is Rs. 5,000 (domestic travel).","Hotel Maximum Rs. 5,000/night for domestic travel.",1,1.0,1.0,1,citation_error
qa_636,What are the rules for Remote Work Policy - 1. Eligibility?,FAST_PATH_FACT,"According to the Remote Work Policy (v2.0), the Remote Work is 3 days per week (weekly remote schedule).","Eligibility All full-time employees may apply from day one, subject to manager approval and role suitability.",1,2.0,1.0,1,wrong_fact
qa_749,What are the core working hours?,FAST_PATH_FACT,"According to the Remote Work Policy (v2.0), the Working Hours is 10 AM – 4 PM hours (standard business hours).",Business class only for international flights over 6 hours.,1,2.0,1.0,1,wrong_version
qa_888,"What are the rules for Hardware, Laptop & BYOD Asset Policy - 5. BYOD Mobile Policy?",HYBRID_RAG,"According to the Hardware, Laptop & BYOD Asset Policy (v1.0, Hardware, Laptop & BYOD Asset Policy): HARDWARE, LAPTOP & B",BYOD Mobile Policy Personal smartphones accessing corporate email must install the Company Mobile Device Management (MDM,8,1.0,0.935,3,citation_error
qa_795,What is the limit or entitlement for Performance Evaluation & Promotion Policy - 4. Performance Improvement Plan (PIP)?,FAST_PATH_FACT,"According to the Performance Evaluation & Promotion Policy (v1.0), the PIP Timeline is 60 days (performance improvement ",Performance Improvement Plan (PIP) Employees receiving a rating of 1 or 2 are placed on a 60 days performance improvemen,1,1.0,1.0,1,citation_error
qa_981,What is the policy regarding Social Media & Public Communications Policy - 3. Confidential Information?,HYBRID_RAG,"According to the Social Media & Public Communications Policy (v1.0, Social Media & Public Communications Policy): SOCIAL","Confidential Information Posting screenshots of internal Slack channels, repositories, roadmaps, or unreleased financial",8,1.0,0.943,3,citation_error
qa_974,What is the procedure for Workplace Health & Emergency Safety Policy - 4. Ergonomic Support?,HYBRID_RAG,"According to the Workplace Health & Emergency Safety Policy (v1.0, Workplace Health & Emergency Safety Policy): WORKPLAC",Ergonomic Support Employees may request ergonomic chairs or vertical mice by submitting an assessment ticket to faciliti,8,1.0,0.943,3,citation_error
fact_para_252,How much is the learning budget?,FAST_PATH_FACT,"According to the Learning & Educational Assistance Policy (v1.0), the Annual Learning Budget is Rs. 40,000 (professional","Rs. 40,000 INR per year",1,1.0,1.0,1,wrong_fact
dept_01,What is the engineering production deployment on-call schedule?,HYBRID_RAG,"According to the Overtime & On-Call Engineering Policy (v1.0, Overtime & On-Call Engineering Policy): OVERTIME & ON-CALL",Engineering on-call rotations operate on weekly shifts with compensatory time off.,8,1.0,0.9,3,authorization_error
qa_962,What are the rules for Overtime & On-Call Engineering Policy - 4. Mandatory Rest Period?,HYBRID_RAG,"According to the Overtime & On-Call Engineering Policy (v1.0, Overtime & On-Call Engineering Policy): OVERTIME & ON-CALL",Mandatory Rest Period Engineers responding to severe night incidents (between 12 AM and 6 AM) are required to take a man,8,1.0,0.944,3,citation_error
qa_707,What is the policy regarding Code of Conduct - 1. Professional Behaviour?,HYBRID_RAG,"According to the Code of Conduct (v1.0, Code of Conduct): CODE OF CONDUCT — v1.0 Effective Date: 2024-01-01 1.",Professional Behaviour All employees must conduct themselves professionally and treat colleagues with respect.,8,1.0,0.998,3,citation_error
qa_671,What are the rules for Leave Policy - 4. Application?,ABSTAINED,I cannot provide a confident answer based on the available policies. Reason: I could not find sufficient authoritative e,"Application Submit to manager via email, minimum 5 working days in advance.",0,None,0.0,0,abstention_error
qa_901,What are the eligibility requirements for Employee Referral Bonus Policy - 3. Candidate Eligibility?,FAST_PATH_FACT,"According to the Employee Referral Bonus Policy (v1.0), the Senior Referral Bonus is Rs. 50,000 (talent acquisition refe",Candidate Eligibility Referred candidates must not have applied to the company within the preceding 6 months.,1,1.0,1.0,1,wrong_fact
fact_para_244,How much is the daily allowance metro?,FAST_PATH_FACT,"According to the Travel & Expense Policy (v1.0), the Daily Allowance (Metro) is Rs. 1,500 (metro cities).","Rs. 1,500 INR per day",1,1.0,1.0,1,wrong_fact
qa_651,What is the policy regarding Remote Work Policy - 5. Security?,FAST_PATH_FACT,"According to the Remote Work Policy (v2.0), the Remote Work is 3 days per week (weekly remote schedule).",Security VPN + MFA mandatory for all remote access. Security incidents must be reported within 24 hours.,1,2.0,1.0,1,wrong_fact
qa_748,What is the travel expense reimbursement limit?,HYBRID_RAG,"According to the Travel & Expense Policy (v1.0, Travel & Expense Policy): TRAVEL & EXPENSE POLICY — v1.0 Effective Date:",Flight Booking Economy class for domestic travel.,8,1.0,0.907,3,citation_error
qa_879,"What are the rules for Hardware, Laptop & BYOD Asset Policy - 2. Hardware Refresh Cycle?",HYBRID_RAG,"According to the Hardware, Laptop & BYOD Asset Policy (v1.0, Hardware, Laptop & BYOD Asset Policy): HARDWARE, LAPTOP & B",Hardware Refresh Cycle Company laptops are eligible for a hardware refresh cycle every 3 years or upon reaching end-of-s,8,1.0,0.944,3,citation_error
qa_884,"What are the rules for Hardware, Laptop & BYOD Asset Policy - 3. Lost / Stolen Devices?",HYBRID_RAG,"According to the Hardware, Laptop & BYOD Asset Policy (v1.0, Hardware, Laptop & BYOD Asset Policy): HARDWARE, LAPTOP & B",Lost / Stolen Devices Lost or stolen hardware must be reported immediately to it-helpdesk@company.com within 1 hour for ,8,1.0,0.944,3,citation_error
qa_709,What is the policy regarding Code of Conduct - 2. Conflicts of Interest?,HYBRID_RAG,"According to the Code of Conduct (v1.0, Code of Conduct): CODE OF CONDUCT — v1.0 Effective Date: 2024-01-01 1.",Conflicts of Interest Disclose any personal interests that may conflict with company interests to your manager.,8,1.0,0.998,3,citation_error
fact_247,What is the opd limit for OPD Insurance Limit under Health & Group Medical Insurance Policy?,FAST_PATH_FACT,"According to the Health & Group Medical Insurance Policy (v1.0), the OPD Insurance Limit is Rs. 15,000 (outpatient medic","Rs. 15,000 INR per year",1,1.0,1.0,1,wrong_fact
qa_756,What is the policy regarding Travel & Expense Policy - 4. Daily Allowance (DA)?,FAST_PATH_FACT,"According to the Travel & Expense Policy (v1.0), the Daily Allowance (Metro) is Rs. 1,500 (metro cities).",Daily Allowance (DA) Rs.,1,1.0,1.0,1,citation_error
fact_para_258,How much is the gift limit?,FAST_PATH_FACT,"According to the Gifts, Hospitality & Anti-Bribery Policy (v1.0), the Gift Limit is Rs. 2,000 (anti-bribery and complian","Rs. , INR",1,1.0,1.0,1,wrong_fact
qa_837,What are the rules for Intellectual Property & Invention Policy - 3. Moonlighting Restriction?,HYBRID_RAG,"According to the Intellectual Property & Invention Policy (v1.0, Intellectual Property & Invention Policy): INTELLECTUAL",Moonlighting Restriction Dual employment and external commercial freelance work in related industries is strictly prohib,8,1.0,0.925,3,citation_error
qa_798,What is the policy regarding Performance Evaluation & Promotion Policy - 5. Appeals?,HYBRID_RAG,"According to the Performance Evaluation & Promotion Policy (v1.0, Performance Evaluation & Promotion Policy): PERFORMANC",Appeals Employees may appeal appraisal ratings to the HR Talent Committee within 14 days of receipt.,8,1.0,0.924,3,citation_error
qa_692,What are the rules for Leave Policy - 4. Application?,ABSTAINED,I cannot provide a confident answer based on the available policies. Reason: I could not find sufficient authoritative e,Application Submit via HR Portal (hr.company.in) minimum 3 working days in advance.,0,None,0.0,0,abstention_error
qa_872,How do I request approval for Learning & Educational Assistance Policy - 4. Approval Flow?,HYBRID_RAG,"According to the Learning & Educational Assistance Policy (v1.0, Learning & Educational Assistance Policy): LEARNING & E",Approval Flow Course proposals must be submitted through the Learning Portal with manager sign-off prior to course regis,8,1.0,0.942,3,citation_error
qa_737,What is the policy regarding IT Security Policy - 6. MFA?,HYBRID_RAG,"According to the IT Security Policy (v1.0, IT Security Policy): IT SECURITY POLICY — v1.0 Effective Date: 2024-02-01 1.",MFA Multi-factor authentication is mandatory for all company accounts.,8,1.0,0.909,3,citation_error
fact_para_251,How much is the incident reporting deadline?,FAST_PATH_FACT,"According to the IT Security Policy (v1.0), the Security Incident Reporting is 2 hours (incident discovery).",6 hours,1,1.0,1.0,1,wrong_fact
qa_757,What are the rules for Travel & Expense Policy - 4. Daily Allowance (DA)?,FAST_PATH_FACT,"According to the Travel & Expense Policy (v1.0), the Daily Allowance (Metro) is Rs. 1,500 (metro cities).",Daily Allowance (DA) Rs.,1,1.0,1.0,1,citation_error
qa_665,What are the rules for Leave Policy - 2. Sick Leave?,FAST_PATH_FACT,"According to the Leave Policy (v2.0), the Sick Leave is 12 days (per year).",Sick Leave 8 days paid sick leave per year. Medical certificate needed for 2+ consecutive days.,1,2.0,1.0,1,wrong_version
qa_630,What are the rules for Remote Work Policy - 4. VPN?,FAST_PATH_FACT,"According to the Remote Work Policy (v2.0), the Remote Work is 3 days per week (weekly remote schedule).",VPN All remote employees must use company VPN when accessing internal systems.,1,2.0,1.0,1,wrong_version
sem_06,How are performance bonus calculations determined for individual contributors?,ABSTAINED,I cannot provide a confident answer based on the available policies. Reason: I could not find sufficient authoritative e,Bonus payouts are calculated based on individual achievement against quarterly OKRs and overall company fiscal targets.,0,None,0.0,0,abstention_error
qa_920,What is the limit or entitlement for Relocation & Domestic Transfer Policy - 4. Clawback Clause?,FAST_PATH_FACT,"According to the Relocation & Domestic Transfer Policy (v1.0), the Relocation Package is Rs. 1,00,000 (domestic relocati","Clawback Clause If an employee resigns voluntarily within 12 months of relocation, 100% of the relocation allowance must",1,1.0,1.0,1,wrong_fact
qa_632,What are the rules for Remote Work Policy - 5. Meetings?,FAST_PATH_FACT,"According to the Remote Work Policy (v2.0), the Remote Work is 3 days per week (weekly remote schedule).",Meetings Employees must be available for all scheduled meetings during core hours (10 AM – 4 PM).,1,2.0,1.0,1,wrong_version
qa_977,What is the policy regarding Social Media & Public Communications Policy - 1. Authorized Spokespersons?,HYBRID_RAG,"According to the Social Media & Public Communications Policy (v1.0, Social Media & Public Communications Policy): SOCIAL","Authorized Spokespersons Only the CEO, CMO, and authorized PR leads may make public statements on behalf of the company.",8,1.0,0.944,3,citation_error
qa_864,What is the policy regarding Learning & Educational Assistance Policy - 2. Certification Reimbursement?,FAST_PATH_FACT,"According to the Learning & Educational Assistance Policy (v1.0), the Annual Learning Budget is Rs. 40,000 (professional","Certification Reimbursement 100% of examination fees for approved industry certifications (AWS, GCP, PMP, CISSP) are rei",1,1.0,1.0,1,wrong_fact
qa_667,How many days of annual leave do employees get?,FAST_PATH_FACT,"According to the Leave Policy (v2.0), the Annual Leave is 24 days (per calendar year).",Sick Leave 8 days paid sick leave per year. Medical certificate needed for 2+ consecutive days.,1,2.0,1.0,1,wrong_version
qa_777,What is the limit or entitlement for Health & Group Medical Insurance Policy - 3. OPD Benefit?,FAST_PATH_FACT,"According to the Health & Group Medical Insurance Policy (v1.0), the OPD Insurance Limit is Rs. 15,000 (outpatient medic",OPD Benefit Employees may claim an OPD allowance of Rs.,1,1.0,1.0,1,wrong_fact
qa_895,What is the policy regarding Employee Referral Bonus Policy - 2. Payout Schedule?,FAST_PATH_FACT,"According to the Employee Referral Bonus Policy (v1.0), the Senior Referral Bonus is Rs. 50,000 (talent acquisition refe",Payout Schedule 50% of the referral bonus is paid in the month of joining; remaining 50% is paid after 90 days of contin,1,1.0,1.0,1,citation_error
qa_929,"What are the rules for Gifts, Hospitality & Anti-Bribery Policy - 2. Government Officials?",HYBRID_RAG,"According to the Gifts, Hospitality & Anti-Bribery Policy (v1.0, Gifts, Hospitality & Anti-Bribery Policy): GIFTS, HOSPI","Government Officials Offering or giving any gift, meal, or benefit to government officials is strictly prohibited under ",8,1.0,0.936,3,citation_error
qa_654,How many days per week can employees work remotely?,FAST_PATH_FACT,"According to the Remote Work Policy (v2.0), the Remote Work is 3 days per week (weekly remote schedule).",Security VPN + MFA mandatory for all remote access.,1,2.0,1.0,1,wrong_fact
qa_850,What is the policy regarding Data Privacy & DPDP Compliance Policy - 3. Data Retention?,HYBRID_RAG,"According to the Data Privacy & DPDP Compliance Policy (v1.0, Data Privacy & DPDP Compliance Policy): DATA PRIVACY & DPD",Data Retention Customer logs are retained for 180 days.,8,1.0,0.944,3,citation_error
fact_para_233,How much is the sick leave?,FAST_PATH_FACT,"According to the Leave Policy (v2.0), the Sick Leave is 12 days (per year).",8 days,1,2.0,1.0,1,wrong_version
qa_871,What are the rules for Learning & Educational Assistance Policy - 4. Approval Flow?,HYBRID_RAG,"According to the Learning & Educational Assistance Policy (v1.0, Learning & Educational Assistance Policy): LEARNING & E",Approval Flow Course proposals must be submitted through the Learning Portal with manager sign-off prior to course regis,8,1.0,0.924,3,citation_error
qa_821,What is the policy regarding Prevention of Sexual Harassment (POSH) Policy - 3. Reporting Timeline?,HYBRID_RAG,"According to the Prevention of Sexual Harassment (POSH) Policy (v1.0, Prevention of Sexual Harassment (POSH) Policy): PR",Reporting Timeline Complaints must be submitted in writing to posh@company.com within 3 months of the incident date.,8,1.0,1.0,3,citation_error
qa_674,What is the procedure for Leave Policy - 4. Application?,ABSTAINED,I cannot provide a confident answer based on the available policies. Reason: I could not find sufficient authoritative e,"Application Submit to manager via email, minimum 5 working days in advance.",0,None,0.0,0,abstention_error
qa_666,What is the limit or entitlement for Leave Policy - 2. Sick Leave?,FAST_PATH_FACT,"According to the Leave Policy (v2.0), the Sick Leave is 12 days (per year).",Sick Leave 8 days paid sick leave per year. Medical certificate needed for 2+ consecutive days.,1,2.0,1.0,1,wrong_version
fact_para_250,How much is the notice period?,FAST_PATH_FACT,"According to the Notice Period & Resignation Policy (v1.0), the Notice Period is 2 months (resignation & termination).",1 months,1,1.0,1.0,1,wrong_fact
fact_para_234,How much is the maternity leave?,FAST_PATH_FACT,"According to the Leave Policy (v2.0), the Maternity Leave is 26 weeks (maternity benefit).",12 weeks,1,2.0,1.0,1,wrong_version
fact_235,What is the paternity leave for Paternity Leave under Leave Policy?,FAST_PATH_FACT,"According to the Leave Policy (v2.0), the Paternity Leave is 10 days (paternity benefit).",5 days,1,2.0,1.0,1,wrong_version
qa_779,What are the rules for Health & Group Medical Insurance Policy - 4. Cashless Hospitalization?,FAST_PATH_FACT,"According to the Health & Group Medical Insurance Policy (v1.0), the Medical Insurance Cover is Rs. 5,00,000 (family flo","Cashless Hospitalization Cashless claims are available across 6,000+ network hospitals.",1,1.0,1.0,1,wrong_fact
qa_865,What are the rules for Learning & Educational Assistance Policy - 2. Certification Reimbursement?,FAST_PATH_FACT,"According to the Learning & Educational Assistance Policy (v1.0), the Annual Learning Budget is Rs. 40,000 (professional","Certification Reimbursement 100% of examination fees for approved industry certifications (AWS, GCP, PMP, CISSP) are rei",1,1.0,1.0,1,wrong_fact
fact_253,What is the referral bonus senior for Senior Referral Bonus under Employee Referral Bonus Policy?,FAST_PATH_FACT,"According to the Employee Referral Bonus Policy (v1.0), the Senior Referral Bonus is Rs. 50,000 (talent acquisition refe","Rs. 50,000 INR",1,1.0,1.0,1,wrong_fact
qa_940,What are the core working hours?,FAST_PATH_FACT,"According to the Remote Work Policy (v2.0), the Working Hours is 10 AM – 4 PM hours (standard business hours).",Working Schedule Standard work day consists of 9 hours including a 1-hour lunch and rest break.,1,2.0,1.0,1,wrong_version
qa_622,What is the procedure for Remote Work Policy - 1. Eligibility?,FAST_PATH_FACT,"According to the Remote Work Policy (v2.0), the Remote Work is 3 days per week (weekly remote schedule).","Eligibility Employees with 12+ months tenure may apply for remote work, subject to manager approval.",1,2.0,1.0,1,wrong_version
qa_697,What are the rules for Leave Policy - 5. Maternity / Paternity?,FAST_PATH_FACT,"According to the Leave Policy (v2.0), the Maternity Leave is 26 weeks (maternity benefit).",Maternity / Paternity Maternity: 26 weeks paid (Maternity Benefit Act 2017). Paternity: 10 days paid.,1,2.0,1.0,1,citation_error
qa_942,What are the rules for Attendance & Punctuality Policy - 2. Arrival Grace Period?,FAST_PATH_FACT,"According to the Attendance & Punctuality Policy (v1.0), the Arrival Grace Period is 30 minutes (attendance check-in).",Arrival Grace Period Employees are granted a 30 minutes grace period from 9:00 AM to 9:30 AM for morning office swipe-in,1,1.0,1.0,1,citation_error
fact_233,What is the sick leave for Sick Leave under Leave Policy?,FAST_PATH_FACT,"According to the Leave Policy (v2.0), the Sick Leave is 12 days (per year).",8 days,1,2.0,1.0,1,wrong_version
fact_para_255,How much is the relocation allowance?,FAST_PATH_FACT,"According to the Relocation & Domestic Transfer Policy (v1.0), the Relocation Package is Rs. 1,00,000 (domestic relocati","Rs. 1,00,000 INR",1,1.0,1.0,1,citation_error
