query_id,user_email,category,expected_version,predicted_version,authorization_status,gold_authorization_permitted,answerability,route,abstention_status,llm_used,latency_sec,version_correct,failure_category,reason
qa_950,admin@company.com,compiled_qa,1.0,1.0,AUTHORIZED,True,ANSWERABLE,HYBRID_RAG,ANSWERED,False,0.22604680061340332,True,NONE,CORRECT_VERSION_MATCH
qa_618,hr@company.com,compiled_qa,1.0,2.0,AUTHORIZED,True,ANSWERABLE,HYBRID_RAG,ANSWERED,False,0.18690991401672363,False,VERSION_MISMATCH,"VERSION_MISMATCH (expected 1.0, got 2.0)"
qa_652,legal.counsel@company.com,compiled_qa,2.0,2.0,AUTHORIZED,True,ANSWERABLE,HYBRID_RAG,ANSWERED,False,0.20600318908691406,True,NONE,CORRECT_VERSION_MATCH
qa_844,ciso@company.com,compiled_qa,1.0,1.0,AUTHORIZED,True,ANSWERABLE,HYBRID_RAG,ANSWERED,False,0.19892644882202148,True,NONE,CORRECT_VERSION_MATCH
qa_650,eng.lead@company.com,compiled_qa,2.0,,DENIED,False,ANSWERABLE,ABSTAINED,ABSTAINED,False,0.14760971069335938,False,AUTH_BLOCK,ABSTAINED_AUTH_BLOCK
qa_734,employee@company.com,compiled_qa,1.0,,DENIED,False,ANSWERABLE,ABSTAINED,ABSTAINED,False,0.1838991641998291,False,AUTH_BLOCK,ABSTAINED_AUTH_BLOCK
qa_762,fin.analyst@company.com,compiled_qa,1.0,,DENIED,False,ANSWERABLE,ABSTAINED,ABSTAINED,False,0.1623842716217041,False,AUTH_BLOCK,ABSTAINED_AUTH_BLOCK
qa_885,ops.manager@company.com,compiled_qa,1.0,,DENIED,False,ANSWERABLE,ABSTAINED,ABSTAINED,False,0.18844985961914062,False,AUTH_BLOCK,ABSTAINED_AUTH_BLOCK
qa_789,sales.exec@company.com,compiled_qa,1.0,,DENIED,False,ANSWERABLE,ABSTAINED,ABSTAINED,False,0.17525196075439453,False,AUTH_BLOCK,ABSTAINED_AUTH_BLOCK
qa_835,mkt.specialist@company.com,compiled_qa,1.0,,DENIED,False,ANSWERABLE,ABSTAINED,ABSTAINED,False,0.18762683868408203,False,AUTH_BLOCK,ABSTAINED_AUTH_BLOCK
qa_790,admin@company.com,compiled_qa,1.0,1.0,AUTHORIZED,True,ANSWERABLE,HYBRID_RAG,ANSWERED,False,0.20960712432861328,True,NONE,CORRECT_VERSION_MATCH
qa_778,hr@company.com,compiled_qa,1.0,1.0,AUTHORIZED,True,ANSWERABLE,FAST_PATH_FACT,ANSWERED,False,0.09323763847351074,True,NONE,CORRECT_VERSION_MATCH
fact_248,legal.counsel@company.com,fact,1.0,,AUTHORIZED,True,ANSWERABLE,ABSTAINED,ABSTAINED,False,0.1963334083557129,False,CONFIDENCE_GATE,ABSTAINED_CONFIDENCE_GATE
qa_793,ciso@company.com,compiled_qa,1.0,1.0,AUTHORIZED,True,ANSWERABLE,FAST_PATH_FACT,ANSWERED,False,0.0866398811340332,True,NONE,CORRECT_VERSION_MATCH
qa_952,eng.lead@company.com,compiled_qa,1.0,1.0,AUTHORIZED,True,ANSWERABLE,HYBRID_RAG,ANSWERED,False,0.19199132919311523,True,NONE,CORRECT_VERSION_MATCH
sem_04,employee@company.com,semantic_retrieval,1.0,,AUTHORIZED,True,ANSWERABLE,ABSTAINED,ABSTAINED,False,0.1705467700958252,False,CONFIDENCE_GATE,ABSTAINED_CONFIDENCE_GATE
qa_788,fin.analyst@company.com,compiled_qa,1.0,,DENIED,False,ANSWERABLE,ABSTAINED,ABSTAINED,False,0.17532730102539062,False,AUTH_BLOCK,ABSTAINED_AUTH_BLOCK
qa_916,ops.manager@company.com,compiled_qa,1.0,,DENIED,False,ANSWERABLE,ABSTAINED,ABSTAINED,False,0.21770191192626953,False,AUTH_BLOCK,ABSTAINED_AUTH_BLOCK
adv_03,sales.exec@company.com,adversarial,,,AUTHORIZED,True,UNANSWERABLE/SPECIAL,ABSTAINED,ABSTAINED,False,0.1739654541015625,False,CONFIDENCE_GATE,UNANSWERABLE_OR_ADVERSARIAL
qa_781,mkt.specialist@company.com,compiled_qa,1.0,,DENIED,False,ANSWERABLE,ABSTAINED,ABSTAINED,False,0.1318833827972412,False,AUTH_BLOCK,ABSTAINED_AUTH_BLOCK
adv_01,admin@company.com,adversarial,,,AUTHORIZED,True,UNANSWERABLE/SPECIAL,ABSTAINED,ABSTAINED,False,0.1659107208251953,False,CONFIDENCE_GATE,UNANSWERABLE_OR_ADVERSARIAL
qa_668,hr@company.com,compiled_qa,1.0,1.0,AUTHORIZED,True,ANSWERABLE,HYBRID_RAG,ANSWERED,False,0.2175884246826172,True,NONE,CORRECT_VERSION_MATCH
fact_para_236,legal.counsel@company.com,fact,2.0,1.0,AUTHORIZED,True,ANSWERABLE,HYBRID_RAG,ANSWERED,False,0.16915655136108398,False,VERSION_MISMATCH,"VERSION_MISMATCH (expected 2.0, got 1.0)"
qa_954,ciso@company.com,compiled_qa,1.0,1.0,AUTHORIZED,True,ANSWERABLE,HYBRID_RAG,ANSWERED,False,0.2177424430847168,True,NONE,CORRECT_VERSION_MATCH
qa_673,eng.lead@company.com,compiled_qa,1.0,,DENIED,False,ANSWERABLE,ABSTAINED,ABSTAINED,False,0.14638924598693848,False,AUTH_BLOCK,ABSTAINED_AUTH_BLOCK
sem_08,employee@company.com,semantic_retrieval,1.0,,AUTHORIZED,True,ANSWERABLE,ABSTAINED,ABSTAINED,False,0.16290020942687988,False,CONFIDENCE_GATE,ABSTAINED_CONFIDENCE_GATE
qa_883,fin.analyst@company.com,compiled_qa,1.0,,DENIED,False,ANSWERABLE,ABSTAINED,ABSTAINED,False,0.19313526153564453,False,AUTH_BLOCK,ABSTAINED_AUTH_BLOCK
qa_771,ops.manager@company.com,compiled_qa,1.0,,DENIED,False,ANSWERABLE,ABSTAINED,ABSTAINED,False,0.16404128074645996,False,AUTH_BLOCK,ABSTAINED_AUTH_BLOCK
qa_831,sales.exec@company.com,compiled_qa,1.0,,DENIED,False,ANSWERABLE,ABSTAINED,ABSTAINED,False,0.17220306396484375,False,AUTH_BLOCK,ABSTAINED_AUTH_BLOCK
unans_09,mkt.specialist@company.com,unanswerable,,,AUTHORIZED,True,UNANSWERABLE/SPECIAL,ABSTAINED,ABSTAINED,False,0.15932440757751465,False,CONFIDENCE_GATE,UNANSWERABLE_OR_ADVERSARIAL
qa_910,admin@company.com,compiled_qa,1.0,1.0,AUTHORIZED,True,ANSWERABLE,HYBRID_RAG,ANSWERED,False,0.21471810340881348,True,NONE,CORRECT_VERSION_MATCH
sem_10,hr@company.com,semantic_retrieval,1.0,,AUTHORIZED,True,ANSWERABLE,ABSTAINED,ABSTAINED,False,0.1778407096862793,False,CONFIDENCE_GATE,ABSTAINED_CONFIDENCE_GATE
qa_973,legal.counsel@company.com,compiled_qa,1.0,1.0,AUTHORIZED,True,ANSWERABLE,HYBRID_RAG,ANSWERED,False,0.28530073165893555,True,NONE,CORRECT_VERSION_MATCH
qa_816,ciso@company.com,compiled_qa,1.0,1.0,AUTHORIZED,True,ANSWERABLE,HYBRID_RAG,ANSWERED,False,0.18450069427490234,True,NONE,CORRECT_VERSION_MATCH
fact_para_240,eng.lead@company.com,fact,2.0,,DENIED,False,ANSWERABLE,ABSTAINED,ABSTAINED,False,0.16617870330810547,False,AUTH_BLOCK,ABSTAINED_AUTH_BLOCK
temp_hist_01,employee@company.com,temporal_historical,1.0,,DENIED,False,ANSWERABLE,ABSTAINED,ABSTAINED,False,0.14610862731933594,False,AUTH_BLOCK,ABSTAINED_AUTH_BLOCK
qa_911,fin.analyst@company.com,compiled_qa,1.0,,DENIED,False,ANSWERABLE,ABSTAINED,ABSTAINED,False,0.14902043342590332,False,AUTH_BLOCK,ABSTAINED_AUTH_BLOCK
qa_656,ops.manager@company.com,compiled_qa,2.0,,DENIED,False,ANSWERABLE,ABSTAINED,ABSTAINED,False,0.16829371452331543,False,AUTH_BLOCK,ABSTAINED_AUTH_BLOCK
qa_970,sales.exec@company.com,compiled_qa,1.0,,DENIED,False,ANSWERABLE,ABSTAINED,ABSTAINED,False,0.18228650093078613,False,AUTH_BLOCK,ABSTAINED_AUTH_BLOCK
fact_para_239,mkt.specialist@company.com,fact,2.0,,DENIED,False,ANSWERABLE,ABSTAINED,ABSTAINED,False,0.12505269050598145,False,AUTH_BLOCK,ABSTAINED_AUTH_BLOCK
qa_843,admin@company.com,compiled_qa,1.0,1.0,AUTHORIZED,True,ANSWERABLE,HYBRID_RAG,ANSWERED,False,2.7551686763763428,True,NONE,CORRECT_VERSION_MATCH
qa_728,hr@company.com,compiled_qa,1.0,1.0,AUTHORIZED,True,ANSWERABLE,HYBRID_RAG,ANSWERED,False,0.253584623336792,True,NONE,CORRECT_VERSION_MATCH
sem_05,legal.counsel@company.com,semantic_retrieval,1.0,,AUTHORIZED,True,ANSWERABLE,ABSTAINED,ABSTAINED,False,0.19406700134277344,False,CONFIDENCE_GATE,ABSTAINED_CONFIDENCE_GATE
comp_02,ciso@company.com,version_comparison,2.0,1.0,AUTHORIZED,True,ANSWERABLE,TEMPORAL_COMPARISON,ANSWERED,False,0.0883626937866211,False,VERSION_MISMATCH,"VERSION_MISMATCH (expected 2.0, got 1.0)"
qa_941,eng.lead@company.com,compiled_qa,1.0,,DENIED,False,ANSWERABLE,ABSTAINED,ABSTAINED,False,0.159834623336792,False,AUTH_BLOCK,ABSTAINED_AUTH_BLOCK
qa_947,employee@company.com,compiled_qa,1.0,,DENIED,False,ANSWERABLE,ABSTAINED,ABSTAINED,False,0.1897275447845459,False,AUTH_BLOCK,ABSTAINED_AUTH_BLOCK
qa_660,fin.analyst@company.com,compiled_qa,1.0,,DENIED,False,ANSWERABLE,ABSTAINED,ABSTAINED,False,0.16459226608276367,False,AUTH_BLOCK,ABSTAINED_AUTH_BLOCK
qa_824,ops.manager@company.com,compiled_qa,1.0,,DENIED,False,ANSWERABLE,ABSTAINED,ABSTAINED,False,0.174147367477417,False,AUTH_BLOCK,ABSTAINED_AUTH_BLOCK
qa_643,sales.exec@company.com,compiled_qa,2.0,,DENIED,False,ANSWERABLE,ABSTAINED,ABSTAINED,False,0.16167187690734863,False,AUTH_BLOCK,ABSTAINED_AUTH_BLOCK
qa_979,mkt.specialist@company.com,compiled_qa,1.0,1.0,AUTHORIZED,True,ANSWERABLE,HYBRID_RAG,ANSWERED,False,0.22573018074035645,True,NONE,CORRECT_VERSION_MATCH
qa_729,admin@company.com,compiled_qa,1.0,1.0,AUTHORIZED,True,ANSWERABLE,HYBRID_RAG,ANSWERED,False,0.20720720291137695,True,NONE,CORRECT_VERSION_MATCH
qa_776,hr@company.com,compiled_qa,1.0,1.0,AUTHORIZED,True,ANSWERABLE,HYBRID_RAG,ANSWERED,False,0.2299799919128418,True,NONE,CORRECT_VERSION_MATCH
qa_882,legal.counsel@company.com,compiled_qa,1.0,1.0,AUTHORIZED,True,ANSWERABLE,HYBRID_RAG,ANSWERED,False,0.23447871208190918,True,NONE,CORRECT_VERSION_MATCH
fact_251,ciso@company.com,fact,1.0,1.0,AUTHORIZED,True,ANSWERABLE,FAST_PATH_FACT,ANSWERED,False,0.08206987380981445,True,NONE,CORRECT_VERSION_MATCH
qa_657,eng.lead@company.com,compiled_qa,2.0,,DENIED,False,ANSWERABLE,ABSTAINED,ABSTAINED,False,0.1589069366455078,False,AUTH_BLOCK,ABSTAINED_AUTH_BLOCK
qa_769,employee@company.com,compiled_qa,1.0,,DENIED,False,ANSWERABLE,ABSTAINED,ABSTAINED,False,0.17726755142211914,False,AUTH_BLOCK,ABSTAINED_AUTH_BLOCK
qa_900,fin.analyst@company.com,compiled_qa,1.0,,DENIED,False,ANSWERABLE,ABSTAINED,ABSTAINED,False,0.17612147331237793,False,AUTH_BLOCK,ABSTAINED_AUTH_BLOCK
qa_763,ops.manager@company.com,compiled_qa,1.0,,DENIED,False,ANSWERABLE,ABSTAINED,ABSTAINED,False,0.20997214317321777,False,AUTH_BLOCK,ABSTAINED_AUTH_BLOCK
fact_258,sales.exec@company.com,fact,1.0,,DENIED,False,ANSWERABLE,ABSTAINED,ABSTAINED,False,0.22972631454467773,False,AUTH_BLOCK,ABSTAINED_AUTH_BLOCK
qa_676,mkt.specialist@company.com,compiled_qa,1.0,,DENIED,False,ANSWERABLE,ABSTAINED,ABSTAINED,False,0.21617960929870605,False,AUTH_BLOCK,ABSTAINED_AUTH_BLOCK
qa_704,admin@company.com,compiled_qa,2.0,2.0,AUTHORIZED,True,ANSWERABLE,HYBRID_RAG,ANSWERED,False,0.1855311393737793,True,NONE,CORRECT_VERSION_MATCH
qa_703,hr@company.com,compiled_qa,2.0,2.0,AUTHORIZED,True,ANSWERABLE,HYBRID_RAG,ANSWERED,False,0.20788860321044922,True,NONE,CORRECT_VERSION_MATCH
qa_869,legal.counsel@company.com,compiled_qa,1.0,1.0,AUTHORIZED,True,ANSWERABLE,HYBRID_RAG,ANSWERED,False,0.21735644340515137,True,NONE,CORRECT_VERSION_MATCH
unans_05,ciso@company.com,unanswerable,,,AUTHORIZED,True,UNANSWERABLE/SPECIAL,ABSTAINED,ABSTAINED,False,0.20009994506835938,False,CONFIDENCE_GATE,UNANSWERABLE_OR_ADVERSARIAL
qa_934,eng.lead@company.com,compiled_qa,1.0,,DENIED,False,ANSWERABLE,ABSTAINED,ABSTAINED,False,0.19687366485595703,False,AUTH_BLOCK,ABSTAINED_AUTH_BLOCK
qa_907,employee@company.com,compiled_qa,1.0,,DENIED,False,ANSWERABLE,ABSTAINED,ABSTAINED,False,0.15326905250549316,False,AUTH_BLOCK,ABSTAINED_AUTH_BLOCK
qa_681,fin.analyst@company.com,compiled_qa,2.0,,DENIED,False,ANSWERABLE,ABSTAINED,ABSTAINED,False,0.15829038619995117,False,AUTH_BLOCK,ABSTAINED_AUTH_BLOCK
qa_732,ops.manager@company.com,compiled_qa,1.0,,DENIED,False,ANSWERABLE,ABSTAINED,ABSTAINED,False,0.14926433563232422,False,AUTH_BLOCK,ABSTAINED_AUTH_BLOCK
qa_897,sales.exec@company.com,compiled_qa,1.0,,DENIED,False,ANSWERABLE,ABSTAINED,ABSTAINED,False,0.17463994026184082,False,AUTH_BLOCK,ABSTAINED_AUTH_BLOCK
fact_257,mkt.specialist@company.com,fact,1.0,,DENIED,False,ANSWERABLE,ABSTAINED,ABSTAINED,False,0.17754769325256348,False,AUTH_BLOCK,ABSTAINED_AUTH_BLOCK
qa_688,admin@company.com,compiled_qa,2.0,1.0,AUTHORIZED,True,ANSWERABLE,HYBRID_RAG,ANSWERED,False,0.23968768119812012,False,VERSION_MISMATCH,"VERSION_MISMATCH (expected 2.0, got 1.0)"
qa_805,hr@company.com,compiled_qa,1.0,1.0,AUTHORIZED,True,ANSWERABLE,HYBRID_RAG,ANSWERED,False,0.21422576904296875,True,NONE,CORRECT_VERSION_MATCH
qa_827,legal.counsel@company.com,compiled_qa,1.0,1.0,AUTHORIZED,True,ANSWERABLE,HYBRID_RAG,ANSWERED,False,0.2389540672302246,True,NONE,CORRECT_VERSION_MATCH
qa_783,ciso@company.com,compiled_qa,1.0,1.0,AUTHORIZED,True,ANSWERABLE,FAST_PATH_FACT,ANSWERED,False,0.08019328117370605,True,NONE,CORRECT_VERSION_MATCH
fact_231,eng.lead@company.com,fact,2.0,,DENIED,False,ANSWERABLE,ABSTAINED,ABSTAINED,False,0.14355254173278809,False,AUTH_BLOCK,ABSTAINED_AUTH_BLOCK
qa_903,employee@company.com,compiled_qa,1.0,,DENIED,False,ANSWERABLE,ABSTAINED,ABSTAINED,False,0.18142414093017578,False,AUTH_BLOCK,ABSTAINED_AUTH_BLOCK
fact_para_235,fin.analyst@company.com,fact,1.0,,DENIED,False,ANSWERABLE,ABSTAINED,ABSTAINED,False,0.1553199291229248,False,AUTH_BLOCK,ABSTAINED_AUTH_BLOCK
qa_809,ops.manager@company.com,compiled_qa,1.0,,DENIED,False,ANSWERABLE,ABSTAINED,ABSTAINED,False,0.17348146438598633,False,AUTH_BLOCK,ABSTAINED_AUTH_BLOCK
dept_04,sales.exec@company.com,department_auth,1.0,,AUTHORIZED,True,ANSWERABLE,ABSTAINED,ABSTAINED,False,0.1645359992980957,False,CONFIDENCE_GATE,ABSTAINED_CONFIDENCE_GATE
qa_967,mkt.specialist@company.com,compiled_qa,1.0,,DENIED,False,ANSWERABLE,ABSTAINED,ABSTAINED,False,0.16933631896972656,False,AUTH_BLOCK,ABSTAINED_AUTH_BLOCK
qa_938,admin@company.com,compiled_qa,1.0,1.0,AUTHORIZED,True,ANSWERABLE,HYBRID_RAG,ANSWERED,False,0.22252154350280762,True,NONE,CORRECT_VERSION_MATCH
fact_236,hr@company.com,fact,2.0,1.0,AUTHORIZED,True,ANSWERABLE,HYBRID_RAG,ANSWERED,False,0.19665837287902832,False,VERSION_MISMATCH,"VERSION_MISMATCH (expected 2.0, got 1.0)"
qa_956,legal.counsel@company.com,compiled_qa,1.0,1.0,AUTHORIZED,True,ANSWERABLE,HYBRID_RAG,ANSWERED,False,0.23403429985046387,True,NONE,CORRECT_VERSION_MATCH
qa_881,ciso@company.com,compiled_qa,1.0,1.0,AUTHORIZED,True,ANSWERABLE,HYBRID_RAG,ANSWERED,False,0.23030972480773926,True,NONE,CORRECT_VERSION_MATCH
qa_832,eng.lead@company.com,compiled_qa,1.0,,DENIED,False,ANSWERABLE,ABSTAINED,ABSTAINED,False,0.1630568504333496,False,AUTH_BLOCK,ABSTAINED_AUTH_BLOCK
qa_867,employee@company.com,compiled_qa,1.0,,DENIED,False,ANSWERABLE,ABSTAINED,ABSTAINED,False,0.1638503074645996,False,AUTH_BLOCK,ABSTAINED_AUTH_BLOCK
qa_698,fin.analyst@company.com,compiled_qa,2.0,,DENIED,False,ANSWERABLE,ABSTAINED,ABSTAINED,False,0.19804000854492188,False,AUTH_BLOCK,ABSTAINED_AUTH_BLOCK
sem_03,ops.manager@company.com,semantic_retrieval,1.0,,AUTHORIZED,True,ANSWERABLE,ABSTAINED,ABSTAINED,False,0.16280245780944824,False,CONFIDENCE_GATE,ABSTAINED_CONFIDENCE_GATE
qa_873,sales.exec@company.com,compiled_qa,1.0,,DENIED,False,ANSWERABLE,ABSTAINED,ABSTAINED,False,0.1761338710784912,False,AUTH_BLOCK,ABSTAINED_AUTH_BLOCK
qa_639,mkt.specialist@company.com,compiled_qa,2.0,,DENIED,False,ANSWERABLE,ABSTAINED,ABSTAINED,False,0.15923166275024414,False,AUTH_BLOCK,ABSTAINED_AUTH_BLOCK
qa_917,admin@company.com,compiled_qa,1.0,1.0,AUTHORIZED,True,ANSWERABLE,HYBRID_RAG,ANSWERED,False,2.6955759525299072,True,NONE,CORRECT_VERSION_MATCH
qa_840,hr@company.com,compiled_qa,1.0,1.0,AUTHORIZED,True,ANSWERABLE,HYBRID_RAG,ANSWERED,False,0.23806142807006836,True,NONE,CORRECT_VERSION_MATCH
qa_964,legal.counsel@company.com,compiled_qa,1.0,1.0,AUTHORIZED,True,ANSWERABLE,HYBRID_RAG,ANSWERED,False,0.21297693252563477,True,NONE,CORRECT_VERSION_MATCH
fact_242,ciso@company.com,fact,1.0,1.0,AUTHORIZED,True,ANSWERABLE,FAST_PATH_FACT,ANSWERED,False,0.07708525657653809,True,NONE,CORRECT_VERSION_MATCH
qa_794,eng.lead@company.com,compiled_qa,1.0,,DENIED,False,ANSWERABLE,ABSTAINED,ABSTAINED,False,0.20057415962219238,False,AUTH_BLOCK,ABSTAINED_AUTH_BLOCK
qa_787,employee@company.com,compiled_qa,1.0,,DENIED,False,ANSWERABLE,ABSTAINED,ABSTAINED,False,0.17044615745544434,False,AUTH_BLOCK,ABSTAINED_AUTH_BLOCK
qa_919,fin.analyst@company.com,compiled_qa,1.0,,DENIED,False,ANSWERABLE,ABSTAINED,ABSTAINED,False,0.17596101760864258,False,AUTH_BLOCK,ABSTAINED_AUTH_BLOCK
qa_889,ops.manager@company.com,compiled_qa,1.0,,DENIED,False,ANSWERABLE,ABSTAINED,ABSTAINED,False,0.15620899200439453,False,AUTH_BLOCK,ABSTAINED_AUTH_BLOCK
qa_718,sales.exec@company.com,compiled_qa,1.0,,DENIED,False,ANSWERABLE,ABSTAINED,ABSTAINED,False,0.1907951831817627,False,AUTH_BLOCK,ABSTAINED_AUTH_BLOCK
qa_655,mkt.specialist@company.com,compiled_qa,2.0,,DENIED,False,ANSWERABLE,ABSTAINED,ABSTAINED,False,0.12048506736755371,False,AUTH_BLOCK,ABSTAINED_AUTH_BLOCK
qa_905,admin@company.com,compiled_qa,1.0,1.0,AUTHORIZED,True,ANSWERABLE,HYBRID_RAG,ANSWERED,False,0.20433259010314941,True,NONE,CORRECT_VERSION_MATCH
qa_878,hr@company.com,compiled_qa,1.0,1.0,AUTHORIZED,True,ANSWERABLE,HYBRID_RAG,ANSWERED,False,0.23494744300842285,True,NONE,CORRECT_VERSION_MATCH
qa_904,legal.counsel@company.com,compiled_qa,1.0,1.0,AUTHORIZED,True,ANSWERABLE,HYBRID_RAG,ANSWERED,False,0.24862146377563477,True,NONE,CORRECT_VERSION_MATCH
qa_637,ciso@company.com,compiled_qa,2.0,2.0,AUTHORIZED,True,ANSWERABLE,HYBRID_RAG,ANSWERED,False,0.17571067810058594,True,NONE,CORRECT_VERSION_MATCH
qa_806,eng.lead@company.com,compiled_qa,1.0,,DENIED,False,ANSWERABLE,ABSTAINED,ABSTAINED,False,0.1722562313079834,False,AUTH_BLOCK,ABSTAINED_AUTH_BLOCK
fact_para_259,employee@company.com,fact,1.0,,DENIED,False,ANSWERABLE,ABSTAINED,ABSTAINED,False,0.12576627731323242,False,AUTH_BLOCK,ABSTAINED_AUTH_BLOCK
fact_259,fin.analyst@company.com,fact,1.0,,DENIED,False,ANSWERABLE,ABSTAINED,ABSTAINED,False,0.18264245986938477,False,AUTH_BLOCK,ABSTAINED_AUTH_BLOCK
qa_978,ops.manager@company.com,compiled_qa,1.0,,DENIED,False,ANSWERABLE,ABSTAINED,ABSTAINED,False,0.1771557331085205,False,AUTH_BLOCK,ABSTAINED_AUTH_BLOCK
qa_811,sales.exec@company.com,compiled_qa,1.0,,DENIED,False,ANSWERABLE,ABSTAINED,ABSTAINED,False,0.15864968299865723,False,AUTH_BLOCK,ABSTAINED_AUTH_BLOCK
fact_para_248,mkt.specialist@company.com,fact,1.0,,DENIED,False,ANSWERABLE,ABSTAINED,ABSTAINED,False,0.13542485237121582,False,AUTH_BLOCK,ABSTAINED_AUTH_BLOCK
qa_948,admin@company.com,compiled_qa,1.0,1.0,AUTHORIZED,True,ANSWERABLE,HYBRID_RAG,ANSWERED,False,0.2351090908050537,True,NONE,CORRECT_VERSION_MATCH
qa_680,hr@company.com,compiled_qa,2.0,1.0,AUTHORIZED,True,ANSWERABLE,HYBRID_RAG,ANSWERED,False,0.22021961212158203,False,VERSION_MISMATCH,"VERSION_MISMATCH (expected 2.0, got 1.0)"
fact_para_241,legal.counsel@company.com,fact,1.0,1.0,AUTHORIZED,True,ANSWERABLE,FAST_PATH_FACT,ANSWERED,False,0.07031464576721191,True,NONE,CORRECT_VERSION_MATCH
qa_677,ciso@company.com,compiled_qa,1.0,1.0,AUTHORIZED,True,ANSWERABLE,HYBRID_RAG,ANSWERED,False,0.20743513107299805,True,NONE,CORRECT_VERSION_MATCH
qa_716,eng.lead@company.com,compiled_qa,1.0,,DENIED,False,ANSWERABLE,ABSTAINED,ABSTAINED,False,0.15709543228149414,False,AUTH_BLOCK,ABSTAINED_AUTH_BLOCK
temp_hist_04,employee@company.com,temporal_historical,1.0,,AUTHORIZED,True,ANSWERABLE,ABSTAINED,ABSTAINED,False,0.1556389331817627,False,CONFIDENCE_GATE,ABSTAINED_CONFIDENCE_GATE
qa_863,fin.analyst@company.com,compiled_qa,1.0,,DENIED,False,ANSWERABLE,ABSTAINED,ABSTAINED,False,0.20239019393920898,False,AUTH_BLOCK,ABSTAINED_AUTH_BLOCK
fact_para_231,ops.manager@company.com,fact,2.0,,DENIED,False,ANSWERABLE,ABSTAINED,ABSTAINED,False,0.11360979080200195,False,AUTH_BLOCK,ABSTAINED_AUTH_BLOCK
qa_813,sales.exec@company.com,compiled_qa,1.0,,DENIED,False,ANSWERABLE,ABSTAINED,ABSTAINED,False,0.15233087539672852,False,AUTH_BLOCK,ABSTAINED_AUTH_BLOCK
qa_726,mkt.specialist@company.com,compiled_qa,1.0,,DENIED,False,ANSWERABLE,ABSTAINED,ABSTAINED,False,0.14713335037231445,False,AUTH_BLOCK,ABSTAINED_AUTH_BLOCK
fact_227,admin@company.com,fact,1.0,2.0,AUTHORIZED,True,ANSWERABLE,HYBRID_RAG,ANSWERED,False,0.2393174171447754,False,VERSION_MISMATCH,"VERSION_MISMATCH (expected 1.0, got 2.0)"
qa_834,hr@company.com,compiled_qa,1.0,1.0,AUTHORIZED,True,ANSWERABLE,HYBRID_RAG,ANSWERED,False,0.22419381141662598,True,NONE,CORRECT_VERSION_MATCH
qa_839,legal.counsel@company.com,compiled_qa,1.0,1.0,AUTHORIZED,True,ANSWERABLE,HYBRID_RAG,ANSWERED,False,0.22532010078430176,True,NONE,CORRECT_VERSION_MATCH
qa_635,ciso@company.com,compiled_qa,2.0,2.0,AUTHORIZED,True,ANSWERABLE,HYBRID_RAG,ANSWERED,False,0.18010187149047852,True,NONE,CORRECT_VERSION_MATCH
qa_754,eng.lead@company.com,compiled_qa,1.0,,DENIED,False,ANSWERABLE,ABSTAINED,ABSTAINED,False,0.17162251472473145,False,AUTH_BLOCK,ABSTAINED_AUTH_BLOCK
qa_880,employee@company.com,compiled_qa,1.0,,DENIED,False,ANSWERABLE,ABSTAINED,ABSTAINED,False,0.1790938377380371,False,AUTH_BLOCK,ABSTAINED_AUTH_BLOCK
temp_hist_05,fin.analyst@company.com,temporal_historical,1.0,,AUTHORIZED,True,ANSWERABLE,ABSTAINED,ABSTAINED,False,0.185471773147583,False,CONFIDENCE_GATE,ABSTAINED_CONFIDENCE_GATE
qa_854,ops.manager@company.com,compiled_qa,1.0,,DENIED,False,ANSWERABLE,ABSTAINED,ABSTAINED,False,0.18673372268676758,False,AUTH_BLOCK,ABSTAINED_AUTH_BLOCK
qa_711,sales.exec@company.com,compiled_qa,1.0,,DENIED,False,ANSWERABLE,ABSTAINED,ABSTAINED,False,0.17825937271118164,False,AUTH_BLOCK,ABSTAINED_AUTH_BLOCK
fact_254,mkt.specialist@company.com,fact,1.0,,DENIED,False,ANSWERABLE,ABSTAINED,ABSTAINED,False,0.17581915855407715,False,AUTH_BLOCK,ABSTAINED_AUTH_BLOCK
qa_822,admin@company.com,compiled_qa,1.0,1.0,AUTHORIZED,True,ANSWERABLE,HYBRID_RAG,ANSWERED,False,0.20806145668029785,True,NONE,CORRECT_VERSION_MATCH
qa_644,hr@company.com,compiled_qa,2.0,2.0,AUTHORIZED,True,ANSWERABLE,HYBRID_RAG,ANSWERED,False,0.19484639167785645,True,NONE,CORRECT_VERSION_MATCH
qa_819,legal.counsel@company.com,compiled_qa,1.0,1.0,AUTHORIZED,True,ANSWERABLE,HYBRID_RAG,ANSWERED,False,0.23525047302246094,True,NONE,CORRECT_VERSION_MATCH
qa_893,ciso@company.com,compiled_qa,1.0,1.0,AUTHORIZED,True,ANSWERABLE,HYBRID_RAG,ANSWERED,False,0.2021348476409912,True,NONE,CORRECT_VERSION_MATCH
fact_para_227,eng.lead@company.com,fact,1.0,,DENIED,False,ANSWERABLE,ABSTAINED,ABSTAINED,False,0.1440591812133789,False,AUTH_BLOCK,ABSTAINED_AUTH_BLOCK
qa_943,employee@company.com,compiled_qa,1.0,,DENIED,False,ANSWERABLE,ABSTAINED,ABSTAINED,False,0.17766761779785156,False,AUTH_BLOCK,ABSTAINED_AUTH_BLOCK
qa_631,fin.analyst@company.com,compiled_qa,1.0,,DENIED,False,ANSWERABLE,ABSTAINED,ABSTAINED,False,0.21708440780639648,False,AUTH_BLOCK,ABSTAINED_AUTH_BLOCK
qa_785,ops.manager@company.com,compiled_qa,1.0,,DENIED,False,ANSWERABLE,ABSTAINED,ABSTAINED,False,0.19347906112670898,False,AUTH_BLOCK,ABSTAINED_AUTH_BLOCK
qa_960,sales.exec@company.com,compiled_qa,1.0,,DENIED,False,ANSWERABLE,ABSTAINED,ABSTAINED,False,0.21796488761901855,False,AUTH_BLOCK,ABSTAINED_AUTH_BLOCK
adv_04,mkt.specialist@company.com,adversarial,,,AUTHORIZED,True,UNANSWERABLE/SPECIAL,ABSTAINED,ABSTAINED,False,0.16840195655822754,False,CONFIDENCE_GATE,UNANSWERABLE_OR_ADVERSARIAL
qa_982,admin@company.com,compiled_qa,1.0,1.0,AUTHORIZED,True,ANSWERABLE,HYBRID_RAG,ANSWERED,False,0.2076740264892578,True,NONE,CORRECT_VERSION_MATCH
qa_935,hr@company.com,compiled_qa,1.0,1.0,AUTHORIZED,True,ANSWERABLE,HYBRID_RAG,ANSWERED,False,0.22369647026062012,True,NONE,CORRECT_VERSION_MATCH
qa_965,legal.counsel@company.com,compiled_qa,1.0,1.0,AUTHORIZED,True,ANSWERABLE,HYBRID_RAG,ANSWERED,False,0.21904993057250977,True,NONE,CORRECT_VERSION_MATCH
fact_256,ciso@company.com,fact,1.0,1.0,AUTHORIZED,True,ANSWERABLE,HYBRID_RAG,ANSWERED,False,0.19058656692504883,True,NONE,CORRECT_VERSION_MATCH
fact_para_229,eng.lead@company.com,fact,2.0,,DENIED,False,ANSWERABLE,ABSTAINED,ABSTAINED,False,0.15008282661437988,False,AUTH_BLOCK,ABSTAINED_AUTH_BLOCK
qa_846,employee@company.com,compiled_qa,1.0,,DENIED,False,ANSWERABLE,ABSTAINED,ABSTAINED,False,0.18999648094177246,False,AUTH_BLOCK,ABSTAINED_AUTH_BLOCK
qa_685,fin.analyst@company.com,compiled_qa,2.0,,DENIED,False,ANSWERABLE,ABSTAINED,ABSTAINED,False,0.14462947845458984,False,AUTH_BLOCK,ABSTAINED_AUTH_BLOCK
qa_833,ops.manager@company.com,compiled_qa,1.0,,DENIED,False,ANSWERABLE,ABSTAINED,ABSTAINED,False,0.15873384475708008,False,AUTH_BLOCK,ABSTAINED_AUTH_BLOCK
qa_802,sales.exec@company.com,compiled_qa,1.0,,DENIED,False,ANSWERABLE,ABSTAINED,ABSTAINED,False,0.15049123764038086,False,AUTH_BLOCK,ABSTAINED_AUTH_BLOCK
qa_877,mkt.specialist@company.com,compiled_qa,1.0,,DENIED,False,ANSWERABLE,ABSTAINED,ABSTAINED,False,0.169266939163208,False,AUTH_BLOCK,ABSTAINED_AUTH_BLOCK
qa_758,admin@company.com,compiled_qa,1.0,1.0,AUTHORIZED,True,ANSWERABLE,HYBRID_RAG,ANSWERED,False,0.2587466239929199,True,NONE,CORRECT_VERSION_MATCH
qa_760,hr@company.com,compiled_qa,1.0,1.0,AUTHORIZED,True,ANSWERABLE,HYBRID_RAG,ANSWERED,False,0.22480201721191406,True,NONE,CORRECT_VERSION_MATCH
fact_243,legal.counsel@company.com,fact,1.0,,DENIED,False,ANSWERABLE,ABSTAINED,ABSTAINED,False,0.21071553230285645,False,AUTH_BLOCK,ABSTAINED_AUTH_BLOCK
qa_868,ciso@company.com,compiled_qa,1.0,1.0,AUTHORIZED,True,ANSWERABLE,HYBRID_RAG,ANSWERED,False,0.19542360305786133,True,NONE,CORRECT_VERSION_MATCH
qa_983,eng.lead@company.com,compiled_qa,1.0,,DENIED,False,ANSWERABLE,ABSTAINED,ABSTAINED,False,0.17255187034606934,False,AUTH_BLOCK,ABSTAINED_AUTH_BLOCK
sem_01,employee@company.com,semantic_retrieval,1.0,,DENIED,False,ANSWERABLE,ABSTAINED,ABSTAINED,False,0.1725001335144043,False,AUTH_BLOCK,ABSTAINED_AUTH_BLOCK
qa_629,fin.analyst@company.com,compiled_qa,1.0,,DENIED,False,ANSWERABLE,ABSTAINED,ABSTAINED,False,0.1562821865081787,False,AUTH_BLOCK,ABSTAINED_AUTH_BLOCK
fact_255,ops.manager@company.com,fact,1.0,,DENIED,False,ANSWERABLE,ABSTAINED,ABSTAINED,False,0.15836095809936523,False,AUTH_BLOCK,ABSTAINED_AUTH_BLOCK
fact_239,sales.exec@company.com,fact,2.0,,DENIED,False,ANSWERABLE,ABSTAINED,ABSTAINED,False,0.1497511863708496,False,AUTH_BLOCK,ABSTAINED_AUTH_BLOCK
fact_250,mkt.specialist@company.com,fact,1.0,,DENIED,False,ANSWERABLE,ABSTAINED,ABSTAINED,False,0.13509798049926758,False,AUTH_BLOCK,ABSTAINED_AUTH_BLOCK
qa_815,admin@company.com,compiled_qa,1.0,1.0,AUTHORIZED,True,ANSWERABLE,HYBRID_RAG,ANSWERED,False,0.18911409378051758,True,NONE,CORRECT_VERSION_MATCH
qa_823,hr@company.com,compiled_qa,1.0,1.0,AUTHORIZED,True,ANSWERABLE,HYBRID_RAG,ANSWERED,False,0.256533145904541,True,NONE,CORRECT_VERSION_MATCH
qa_621,legal.counsel@company.com,compiled_qa,1.0,2.0,AUTHORIZED,True,ANSWERABLE,HYBRID_RAG,ANSWERED,False,0.18685317039489746,False,VERSION_MISMATCH,"VERSION_MISMATCH (expected 1.0, got 2.0)"
qa_918,ciso@company.com,compiled_qa,1.0,1.0,AUTHORIZED,True,ANSWERABLE,HYBRID_RAG,ANSWERED,False,0.20073413848876953,True,NONE,CORRECT_VERSION_MATCH
qa_957,eng.lead@company.com,compiled_qa,1.0,1.0,AUTHORIZED,True,ANSWERABLE,HYBRID_RAG,ANSWERED,False,0.18236851692199707,True,NONE,CORRECT_VERSION_MATCH
qa_767,employee@company.com,compiled_qa,1.0,,DENIED,False,ANSWERABLE,ABSTAINED,ABSTAINED,False,0.18782973289489746,False,AUTH_BLOCK,ABSTAINED_AUTH_BLOCK
qa_861,fin.analyst@company.com,compiled_qa,1.0,,DENIED,False,ANSWERABLE,ABSTAINED,ABSTAINED,False,0.1748826503753662,False,AUTH_BLOCK,ABSTAINED_AUTH_BLOCK
qa_782,ops.manager@company.com,compiled_qa,1.0,,DENIED,False,ANSWERABLE,ABSTAINED,ABSTAINED,False,0.161545991897583,False,AUTH_BLOCK,ABSTAINED_AUTH_BLOCK
qa_862,sales.exec@company.com,compiled_qa,1.0,,DENIED,False,ANSWERABLE,ABSTAINED,ABSTAINED,False,0.18024492263793945,False,AUTH_BLOCK,ABSTAINED_AUTH_BLOCK
qa_691,mkt.specialist@company.com,compiled_qa,2.0,,DENIED,False,ANSWERABLE,ABSTAINED,ABSTAINED,False,0.129655122756958,False,AUTH_BLOCK,ABSTAINED_AUTH_BLOCK
qa_838,admin@company.com,compiled_qa,1.0,1.0,AUTHORIZED,True,ANSWERABLE,HYBRID_RAG,ANSWERED,False,0.26210832595825195,True,NONE,CORRECT_VERSION_MATCH
comp_01,hr@company.com,version_comparison,2.0,1.0,AUTHORIZED,True,ANSWERABLE,HYBRID_RAG,ANSWERED,False,0.21388721466064453,False,VERSION_MISMATCH,"VERSION_MISMATCH (expected 2.0, got 1.0)"
qa_683,legal.counsel@company.com,compiled_qa,2.0,1.0,AUTHORIZED,True,ANSWERABLE,HYBRID_RAG,ANSWERED,False,0.19138741493225098,False,VERSION_MISMATCH,"VERSION_MISMATCH (expected 2.0, got 1.0)"
unans_08,ciso@company.com,unanswerable,,,AUTHORIZED,True,UNANSWERABLE/SPECIAL,ABSTAINED,ABSTAINED,False,0.16822242736816406,False,CONFIDENCE_GATE,UNANSWERABLE_OR_ADVERSARIAL
qa_969,eng.lead@company.com,compiled_qa,1.0,,DENIED,False,ANSWERABLE,ABSTAINED,ABSTAINED,False,0.19083046913146973,False,AUTH_BLOCK,ABSTAINED_AUTH_BLOCK
qa_624,employee@company.com,compiled_qa,1.0,,DENIED,False,ANSWERABLE,ABSTAINED,ABSTAINED,False,0.16766977310180664,False,AUTH_BLOCK,ABSTAINED_AUTH_BLOCK
qa_797,fin.analyst@company.com,compiled_qa,1.0,,DENIED,False,ANSWERABLE,ABSTAINED,ABSTAINED,False,0.1786181926727295,False,AUTH_BLOCK,ABSTAINED_AUTH_BLOCK
qa_892,ops.manager@company.com,compiled_qa,1.0,,DENIED,False,ANSWERABLE,ABSTAINED,ABSTAINED,False,0.17515921592712402,False,AUTH_BLOCK,ABSTAINED_AUTH_BLOCK
qa_765,sales.exec@company.com,compiled_qa,1.0,,DENIED,False,ANSWERABLE,ABSTAINED,ABSTAINED,False,0.24336576461791992,False,AUTH_BLOCK,ABSTAINED_AUTH_BLOCK
qa_818,mkt.specialist@company.com,compiled_qa,1.0,,DENIED,False,ANSWERABLE,ABSTAINED,ABSTAINED,False,0.2012348175048828,False,AUTH_BLOCK,ABSTAINED_AUTH_BLOCK
qa_898,admin@company.com,compiled_qa,1.0,1.0,AUTHORIZED,True,ANSWERABLE,HYBRID_RAG,ANSWERED,False,2.7346668243408203,True,NONE,CORRECT_VERSION_MATCH
qa_908,hr@company.com,compiled_qa,1.0,1.0,AUTHORIZED,True,ANSWERABLE,HYBRID_RAG,ANSWERED,False,0.2315657138824463,True,NONE,CORRECT_VERSION_MATCH
qa_933,legal.counsel@company.com,compiled_qa,1.0,1.0,AUTHORIZED,True,ANSWERABLE,HYBRID_RAG,ANSWERED,False,0.23842835426330566,True,NONE,CORRECT_VERSION_MATCH
qa_853,ciso@company.com,compiled_qa,1.0,1.0,AUTHORIZED,True,ANSWERABLE,HYBRID_RAG,ANSWERED,False,0.23127007484436035,True,NONE,CORRECT_VERSION_MATCH
qa_663,eng.lead@company.com,compiled_qa,1.0,,DENIED,False,ANSWERABLE,ABSTAINED,ABSTAINED,False,0.1428842544555664,False,AUTH_BLOCK,ABSTAINED_AUTH_BLOCK
fact_para_243,employee@company.com,fact,1.0,,DENIED,False,ANSWERABLE,ABSTAINED,ABSTAINED,False,0.13483977317810059,False,AUTH_BLOCK,ABSTAINED_AUTH_BLOCK
qa_694,fin.analyst@company.com,compiled_qa,2.0,,DENIED,False,ANSWERABLE,ABSTAINED,ABSTAINED,False,0.14233899116516113,False,AUTH_BLOCK,ABSTAINED_AUTH_BLOCK
qa_768,ops.manager@company.com,compiled_qa,1.0,,DENIED,False,ANSWERABLE,ABSTAINED,ABSTAINED,False,0.1899871826171875,False,AUTH_BLOCK,ABSTAINED_AUTH_BLOCK
qa_720,sales.exec@company.com,compiled_qa,1.0,,DENIED,False,ANSWERABLE,ABSTAINED,ABSTAINED,False,0.17044591903686523,False,AUTH_BLOCK,ABSTAINED_AUTH_BLOCK
conf_01,mkt.specialist@company.com,confidentiality,1.0,,AUTHORIZED,True,ANSWERABLE,ABSTAINED,ABSTAINED,False,0.16506075859069824,False,CONFIDENCE_GATE,ABSTAINED_CONFIDENCE_GATE
qa_672,admin@company.com,compiled_qa,1.0,,AUTHORIZED,True,ANSWERABLE,ABSTAINED,ABSTAINED,False,0.21114492416381836,False,CONFIDENCE_GATE,ABSTAINED_CONFIDENCE_GATE
fact_241,hr@company.com,fact,1.0,1.0,AUTHORIZED,True,ANSWERABLE,FAST_PATH_FACT,ANSWERED,False,0.08079767227172852,True,NONE,CORRECT_VERSION_MATCH
qa_727,legal.counsel@company.com,compiled_qa,1.0,1.0,AUTHORIZED,True,ANSWERABLE,HYBRID_RAG,ANSWERED,False,0.2365272045135498,True,NONE,CORRECT_VERSION_MATCH
qa_913,ciso@company.com,compiled_qa,1.0,1.0,AUTHORIZED,True,ANSWERABLE,HYBRID_RAG,ANSWERED,False,0.22029972076416016,True,NONE,CORRECT_VERSION_MATCH
sem_09,eng.lead@company.com,semantic_retrieval,1.0,,AUTHORIZED,True,ANSWERABLE,ABSTAINED,ABSTAINED,False,0.169203519821167,False,CONFIDENCE_GATE,ABSTAINED_CONFIDENCE_GATE
qa_848,employee@company.com,compiled_qa,1.0,,DENIED,False,ANSWERABLE,ABSTAINED,ABSTAINED,False,0.17877984046936035,False,AUTH_BLOCK,ABSTAINED_AUTH_BLOCK
qa_915,fin.analyst@company.com,compiled_qa,1.0,,DENIED,False,ANSWERABLE,ABSTAINED,ABSTAINED,False,0.16680479049682617,False,AUTH_BLOCK,ABSTAINED_AUTH_BLOCK
adv_05,ops.manager@company.com,adversarial,,,AUTHORIZED,True,UNANSWERABLE/SPECIAL,ABSTAINED,ABSTAINED,False,0.1545243263244629,False,CONFIDENCE_GATE,UNANSWERABLE_OR_ADVERSARIAL
qa_695,sales.exec@company.com,compiled_qa,2.0,,DENIED,False,ANSWERABLE,ABSTAINED,ABSTAINED,False,0.1497793197631836,False,AUTH_BLOCK,ABSTAINED_AUTH_BLOCK
qa_945,mkt.specialist@company.com,compiled_qa,1.0,,DENIED,False,ANSWERABLE,ABSTAINED,ABSTAINED,False,0.18561959266662598,False,AUTH_BLOCK,ABSTAINED_AUTH_BLOCK
qa_799,admin@company.com,compiled_qa,1.0,1.0,AUTHORIZED,True,ANSWERABLE,HYBRID_RAG,ANSWERED,False,0.20051336288452148,True,NONE,CORRECT_VERSION_MATCH
unans_07,hr@company.com,unanswerable,,,AUTHORIZED,True,UNANSWERABLE/SPECIAL,ABSTAINED,ABSTAINED,False,0.18164753913879395,False,CONFIDENCE_GATE,UNANSWERABLE_OR_ADVERSARIAL
unans_10,legal.counsel@company.com,unanswerable,,,AUTHORIZED,True,UNANSWERABLE/SPECIAL,ABSTAINED,ABSTAINED,False,0.18269658088684082,False,CONFIDENCE_GATE,UNANSWERABLE_OR_ADVERSARIAL
qa_836,ciso@company.com,compiled_qa,1.0,1.0,AUTHORIZED,True,ANSWERABLE,HYBRID_RAG,ANSWERED,False,0.2087094783782959,True,NONE,CORRECT_VERSION_MATCH
qa_640,eng.lead@company.com,compiled_qa,2.0,,DENIED,False,ANSWERABLE,ABSTAINED,ABSTAINED,False,0.15692353248596191,False,AUTH_BLOCK,ABSTAINED_AUTH_BLOCK
unans_04,employee@company.com,unanswerable,,,AUTHORIZED,True,UNANSWERABLE/SPECIAL,ABSTAINED,ABSTAINED,False,0.17121315002441406,False,CONFIDENCE_GATE,UNANSWERABLE_OR_ADVERSARIAL
qa_874,fin.analyst@company.com,compiled_qa,1.0,,DENIED,False,ANSWERABLE,ABSTAINED,ABSTAINED,False,0.16678237915039062,False,AUTH_BLOCK,ABSTAINED_AUTH_BLOCK
fact_245,ops.manager@company.com,fact,1.0,,DENIED,False,ANSWERABLE,ABSTAINED,ABSTAINED,False,0.17690300941467285,False,AUTH_BLOCK,ABSTAINED_AUTH_BLOCK
qa_894,sales.exec@company.com,compiled_qa,1.0,,DENIED,False,ANSWERABLE,ABSTAINED,ABSTAINED,False,0.163299560546875,False,AUTH_BLOCK,ABSTAINED_AUTH_BLOCK
qa_912,mkt.specialist@company.com,compiled_qa,1.0,,DENIED,False,ANSWERABLE,ABSTAINED,ABSTAINED,False,0.15215587615966797,False,AUTH_BLOCK,ABSTAINED_AUTH_BLOCK
temp_hist_02,admin@company.com,temporal_historical,1.0,1.0,AUTHORIZED,True,ANSWERABLE,FAST_PATH_FACT,ANSWERED,False,0.08533930778503418,True,NONE,CORRECT_VERSION_MATCH
qa_693,hr@company.com,compiled_qa,2.0,,AUTHORIZED,True,ANSWERABLE,ABSTAINED,ABSTAINED,False,0.19393277168273926,False,CONFIDENCE_GATE,ABSTAINED_CONFIDENCE_GATE
qa_906,legal.counsel@company.com,compiled_qa,1.0,1.0,AUTHORIZED,True,ANSWERABLE,HYBRID_RAG,ANSWERED,False,0.20055174827575684,True,NONE,CORRECT_VERSION_MATCH
qa_662,ciso@company.com,compiled_qa,1.0,,AUTHORIZED,True,ANSWERABLE,HYBRID_RAG,ANSWERED,False,0.20291996002197266,False,VERSION_MISMATCH,"VERSION_MISMATCH (expected 1.0, got None)"
qa_744,eng.lead@company.com,compiled_qa,1.0,,DENIED,False,ANSWERABLE,ABSTAINED,ABSTAINED,False,0.17899751663208008,False,AUTH_BLOCK,ABSTAINED_AUTH_BLOCK
qa_752,employee@company.com,compiled_qa,1.0,,DENIED,False,ANSWERABLE,ABSTAINED,ABSTAINED,False,0.1905508041381836,False,AUTH_BLOCK,ABSTAINED_AUTH_BLOCK
qa_636,fin.analyst@company.com,compiled_qa,2.0,,DENIED,False,ANSWERABLE,ABSTAINED,ABSTAINED,False,0.1462712287902832,False,AUTH_BLOCK,ABSTAINED_AUTH_BLOCK
qa_749,ops.manager@company.com,compiled_qa,1.0,,DENIED,False,ANSWERABLE,ABSTAINED,ABSTAINED,False,0.15804195404052734,False,AUTH_BLOCK,ABSTAINED_AUTH_BLOCK
qa_888,sales.exec@company.com,compiled_qa,1.0,,DENIED,False,ANSWERABLE,ABSTAINED,ABSTAINED,False,0.18234562873840332,False,AUTH_BLOCK,ABSTAINED_AUTH_BLOCK
qa_795,mkt.specialist@company.com,compiled_qa,1.0,,DENIED,False,ANSWERABLE,ABSTAINED,ABSTAINED,False,0.19630146026611328,False,AUTH_BLOCK,ABSTAINED_AUTH_BLOCK
qa_981,admin@company.com,compiled_qa,1.0,1.0,AUTHORIZED,True,ANSWERABLE,HYBRID_RAG,ANSWERED,False,0.2126767635345459,True,NONE,CORRECT_VERSION_MATCH
qa_974,hr@company.com,compiled_qa,1.0,1.0,AUTHORIZED,True,ANSWERABLE,HYBRID_RAG,ANSWERED,False,0.25896596908569336,True,NONE,CORRECT_VERSION_MATCH
fact_para_252,legal.counsel@company.com,fact,1.0,1.0,AUTHORIZED,True,ANSWERABLE,FAST_PATH_FACT,ANSWERED,False,0.06705689430236816,True,NONE,CORRECT_VERSION_MATCH
dept_01,ciso@company.com,department_auth,1.0,1.0,AUTHORIZED,True,ANSWERABLE,HYBRID_RAG,ANSWERED,False,0.16163849830627441,True,NONE,CORRECT_VERSION_MATCH
qa_962,eng.lead@company.com,compiled_qa,1.0,1.0,AUTHORIZED,True,ANSWERABLE,HYBRID_RAG,ANSWERED,False,0.18545269966125488,True,NONE,CORRECT_VERSION_MATCH
qa_707,employee@company.com,compiled_qa,1.0,,DENIED,False,ANSWERABLE,ABSTAINED,ABSTAINED,False,0.1587071418762207,False,AUTH_BLOCK,ABSTAINED_AUTH_BLOCK
qa_671,fin.analyst@company.com,compiled_qa,1.0,,DENIED,False,ANSWERABLE,ABSTAINED,ABSTAINED,False,0.13807106018066406,False,AUTH_BLOCK,ABSTAINED_AUTH_BLOCK
qa_901,ops.manager@company.com,compiled_qa,1.0,,DENIED,False,ANSWERABLE,ABSTAINED,ABSTAINED,False,0.1692523956298828,False,AUTH_BLOCK,ABSTAINED_AUTH_BLOCK
fact_para_238,sales.exec@company.com,fact,2.0,,DENIED,False,ANSWERABLE,ABSTAINED,ABSTAINED,False,0.1273188591003418,False,AUTH_BLOCK,ABSTAINED_AUTH_BLOCK
fact_para_244,mkt.specialist@company.com,fact,1.0,,DENIED,False,ANSWERABLE,ABSTAINED,ABSTAINED,False,0.14934349060058594,False,AUTH_BLOCK,ABSTAINED_AUTH_BLOCK
qa_923,admin@company.com,compiled_qa,1.0,1.0,AUTHORIZED,True,ANSWERABLE,HYBRID_RAG,ANSWERED,False,0.2164154052734375,True,NONE,CORRECT_VERSION_MATCH
qa_651,hr@company.com,compiled_qa,2.0,2.0,AUTHORIZED,True,ANSWERABLE,HYBRID_RAG,ANSWERED,False,0.20502996444702148,True,NONE,CORRECT_VERSION_MATCH
qa_858,legal.counsel@company.com,compiled_qa,1.0,1.0,AUTHORIZED,True,ANSWERABLE,HYBRID_RAG,ANSWERED,False,0.21073150634765625,True,NONE,CORRECT_VERSION_MATCH
qa_748,ciso@company.com,compiled_qa,1.0,1.0,AUTHORIZED,True,ANSWERABLE,HYBRID_RAG,ANSWERED,False,0.17545366287231445,True,NONE,CORRECT_VERSION_MATCH
qa_879,eng.lead@company.com,compiled_qa,1.0,,DENIED,False,ANSWERABLE,ABSTAINED,ABSTAINED,False,0.18724346160888672,False,AUTH_BLOCK,ABSTAINED_AUTH_BLOCK
qa_884,employee@company.com,compiled_qa,1.0,,DENIED,False,ANSWERABLE,ABSTAINED,ABSTAINED,False,0.1780083179473877,False,AUTH_BLOCK,ABSTAINED_AUTH_BLOCK
qa_709,fin.analyst@company.com,compiled_qa,1.0,,DENIED,False,ANSWERABLE,ABSTAINED,ABSTAINED,False,0.15116214752197266,False,AUTH_BLOCK,ABSTAINED_AUTH_BLOCK
qa_845,ops.manager@company.com,compiled_qa,1.0,,DENIED,False,ANSWERABLE,ABSTAINED,ABSTAINED,False,0.1545546054840088,False,AUTH_BLOCK,ABSTAINED_AUTH_BLOCK
fact_247,sales.exec@company.com,fact,1.0,,DENIED,False,ANSWERABLE,ABSTAINED,ABSTAINED,False,0.1783308982849121,False,AUTH_BLOCK,ABSTAINED_AUTH_BLOCK
qa_756,mkt.specialist@company.com,compiled_qa,1.0,,DENIED,False,ANSWERABLE,ABSTAINED,ABSTAINED,False,0.17298579216003418,False,AUTH_BLOCK,ABSTAINED_AUTH_BLOCK
fact_para_258,admin@company.com,fact,1.0,1.0,AUTHORIZED,True,ANSWERABLE,HYBRID_RAG,ANSWERED,False,0.1448500156402588,True,NONE,CORRECT_VERSION_MATCH
qa_837,hr@company.com,compiled_qa,1.0,1.0,AUTHORIZED,True,ANSWERABLE,HYBRID_RAG,ANSWERED,False,0.22247982025146484,True,NONE,CORRECT_VERSION_MATCH
qa_798,legal.counsel@company.com,compiled_qa,1.0,,AUTHORIZED,True,ANSWERABLE,ABSTAINED,ABSTAINED,False,0.18459343910217285,False,CONFIDENCE_GATE,ABSTAINED_CONFIDENCE_GATE
qa_936,ciso@company.com,compiled_qa,1.0,1.0,AUTHORIZED,True,ANSWERABLE,HYBRID_RAG,ANSWERED,False,0.19817829132080078,True,NONE,CORRECT_VERSION_MATCH
fact_238,eng.lead@company.com,fact,2.0,,DENIED,False,ANSWERABLE,ABSTAINED,ABSTAINED,False,0.14993524551391602,False,AUTH_BLOCK,ABSTAINED_AUTH_BLOCK
qa_692,employee@company.com,compiled_qa,2.0,,DENIED,False,ANSWERABLE,ABSTAINED,ABSTAINED,False,0.1309967041015625,False,AUTH_BLOCK,ABSTAINED_AUTH_BLOCK
qa_872,fin.analyst@company.com,compiled_qa,1.0,,DENIED,False,ANSWERABLE,ABSTAINED,ABSTAINED,False,0.17609095573425293,False,AUTH_BLOCK,ABSTAINED_AUTH_BLOCK
qa_737,ops.manager@company.com,compiled_qa,1.0,,DENIED,False,ANSWERABLE,ABSTAINED,ABSTAINED,False,0.1410989761352539,False,AUTH_BLOCK,ABSTAINED_AUTH_BLOCK
qa_746,sales.exec@company.com,compiled_qa,1.0,,DENIED,False,ANSWERABLE,ABSTAINED,ABSTAINED,False,0.15539169311523438,False,AUTH_BLOCK,ABSTAINED_AUTH_BLOCK
fact_para_251,mkt.specialist@company.com,fact,1.0,,DENIED,False,ANSWERABLE,ABSTAINED,ABSTAINED,False,0.13468503952026367,False,AUTH_BLOCK,ABSTAINED_AUTH_BLOCK
qa_757,admin@company.com,compiled_qa,1.0,1.0,AUTHORIZED,True,ANSWERABLE,HYBRID_RAG,ANSWERED,False,0.24318957328796387,True,NONE,CORRECT_VERSION_MATCH
dept_03,hr@company.com,department_auth,1.0,,AUTHORIZED,True,ANSWERABLE,ABSTAINED,ABSTAINED,False,0.17950153350830078,False,CONFIDENCE_GATE,ABSTAINED_CONFIDENCE_GATE
unans_06,legal.counsel@company.com,unanswerable,,,AUTHORIZED,True,UNANSWERABLE/SPECIAL,ABSTAINED,ABSTAINED,False,0.2137150764465332,False,CONFIDENCE_GATE,UNANSWERABLE_OR_ADVERSARIAL
qa_733,ciso@company.com,compiled_qa,1.0,1.0,AUTHORIZED,True,ANSWERABLE,HYBRID_RAG,ANSWERED,False,0.21125578880310059,True,NONE,CORRECT_VERSION_MATCH
qa_953,eng.lead@company.com,compiled_qa,1.0,1.0,AUTHORIZED,True,ANSWERABLE,HYBRID_RAG,ANSWERED,False,0.22248435020446777,True,NONE,CORRECT_VERSION_MATCH
qa_665,employee@company.com,compiled_qa,1.0,,DENIED,False,ANSWERABLE,ABSTAINED,ABSTAINED,False,0.17379331588745117,False,AUTH_BLOCK,ABSTAINED_AUTH_BLOCK
qa_630,fin.analyst@company.com,compiled_qa,1.0,,DENIED,False,ANSWERABLE,ABSTAINED,ABSTAINED,False,0.16027045249938965,False,AUTH_BLOCK,ABSTAINED_AUTH_BLOCK
sem_06,ops.manager@company.com,semantic_retrieval,1.0,,AUTHORIZED,True,ANSWERABLE,ABSTAINED,ABSTAINED,False,0.15610933303833008,False,CONFIDENCE_GATE,ABSTAINED_CONFIDENCE_GATE
qa_735,sales.exec@company.com,compiled_qa,1.0,,DENIED,False,ANSWERABLE,ABSTAINED,ABSTAINED,False,0.17569231986999512,False,AUTH_BLOCK,ABSTAINED_AUTH_BLOCK
conf_02,mkt.specialist@company.com,confidentiality,1.0,,AUTHORIZED,True,ANSWERABLE,ABSTAINED,ABSTAINED,False,0.13779973983764648,False,CONFIDENCE_GATE,ABSTAINED_CONFIDENCE_GATE
qa_920,admin@company.com,compiled_qa,1.0,1.0,AUTHORIZED,True,ANSWERABLE,HYBRID_RAG,ANSWERED,False,0.21494054794311523,True,NONE,CORRECT_VERSION_MATCH
qa_632,hr@company.com,compiled_qa,1.0,2.0,AUTHORIZED,True,ANSWERABLE,HYBRID_RAG,ANSWERED,False,0.20100808143615723,False,VERSION_MISMATCH,"VERSION_MISMATCH (expected 1.0, got 2.0)"
qa_975,legal.counsel@company.com,compiled_qa,1.0,1.0,AUTHORIZED,True,ANSWERABLE,HYBRID_RAG,ANSWERED,False,0.28670239448547363,True,NONE,CORRECT_VERSION_MATCH
qa_951,ciso@company.com,compiled_qa,1.0,1.0,AUTHORIZED,True,ANSWERABLE,HYBRID_RAG,ANSWERED,False,0.18271422386169434,True,NONE,CORRECT_VERSION_MATCH
fact_para_228,eng.lead@company.com,fact,1.0,,DENIED,False,ANSWERABLE,ABSTAINED,ABSTAINED,False,0.12664127349853516,False,AUTH_BLOCK,ABSTAINED_AUTH_BLOCK
qa_977,employee@company.com,compiled_qa,1.0,,DENIED,False,ANSWERABLE,ABSTAINED,ABSTAINED,False,0.18216514587402344,False,AUTH_BLOCK,ABSTAINED_AUTH_BLOCK
qa_699,fin.analyst@company.com,compiled_qa,2.0,,DENIED,False,ANSWERABLE,ABSTAINED,ABSTAINED,False,0.1501302719116211,False,AUTH_BLOCK,ABSTAINED_AUTH_BLOCK
qa_864,ops.manager@company.com,compiled_qa,1.0,,DENIED,False,ANSWERABLE,ABSTAINED,ABSTAINED,False,0.19745874404907227,False,AUTH_BLOCK,ABSTAINED_AUTH_BLOCK
qa_792,sales.exec@company.com,compiled_qa,1.0,,DENIED,False,ANSWERABLE,ABSTAINED,ABSTAINED,False,0.17953276634216309,False,AUTH_BLOCK,ABSTAINED_AUTH_BLOCK
qa_667,mkt.specialist@company.com,compiled_qa,1.0,,DENIED,False,ANSWERABLE,ABSTAINED,ABSTAINED,False,0.14379000663757324,False,AUTH_BLOCK,ABSTAINED_AUTH_BLOCK
qa_777,admin@company.com,compiled_qa,1.0,1.0,AUTHORIZED,True,ANSWERABLE,HYBRID_RAG,ANSWERED,False,0.2153642177581787,True,NONE,CORRECT_VERSION_MATCH
unans_03,hr@company.com,unanswerable,,,AUTHORIZED,True,UNANSWERABLE/SPECIAL,ABSTAINED,ABSTAINED,False,0.1638777256011963,False,CONFIDENCE_GATE,UNANSWERABLE_OR_ADVERSARIAL
qa_922,legal.counsel@company.com,compiled_qa,1.0,1.0,AUTHORIZED,True,ANSWERABLE,HYBRID_RAG,ANSWERED,False,0.24513530731201172,True,NONE,CORRECT_VERSION_MATCH
qa_895,ciso@company.com,compiled_qa,1.0,1.0,AUTHORIZED,True,ANSWERABLE,HYBRID_RAG,ANSWERED,False,0.19156122207641602,True,NONE,CORRECT_VERSION_MATCH
qa_929,eng.lead@company.com,compiled_qa,1.0,,DENIED,False,ANSWERABLE,ABSTAINED,ABSTAINED,False,0.16980624198913574,False,AUTH_BLOCK,ABSTAINED_AUTH_BLOCK
qa_654,employee@company.com,compiled_qa,2.0,,DENIED,False,ANSWERABLE,ABSTAINED,ABSTAINED,False,0.13440418243408203,False,AUTH_BLOCK,ABSTAINED_AUTH_BLOCK
qa_850,fin.analyst@company.com,compiled_qa,1.0,,DENIED,False,ANSWERABLE,ABSTAINED,ABSTAINED,False,0.1683197021484375,False,AUTH_BLOCK,ABSTAINED_AUTH_BLOCK
fact_para_233,ops.manager@company.com,fact,1.0,,DENIED,False,ANSWERABLE,ABSTAINED,ABSTAINED,False,0.13193297386169434,False,AUTH_BLOCK,ABSTAINED_AUTH_BLOCK
qa_871,sales.exec@company.com,compiled_qa,1.0,,DENIED,False,ANSWERABLE,ABSTAINED,ABSTAINED,False,0.16755342483520508,False,AUTH_BLOCK,ABSTAINED_AUTH_BLOCK
qa_821,mkt.specialist@company.com,compiled_qa,1.0,,DENIED,False,ANSWERABLE,ABSTAINED,ABSTAINED,False,0.2103557586669922,False,AUTH_BLOCK,ABSTAINED_AUTH_BLOCK
qa_674,admin@company.com,compiled_qa,1.0,,AUTHORIZED,True,ANSWERABLE,ABSTAINED,ABSTAINED,False,0.18179535865783691,False,CONFIDENCE_GATE,ABSTAINED_CONFIDENCE_GATE
qa_666,hr@company.com,compiled_qa,1.0,1.0,AUTHORIZED,True,ANSWERABLE,HYBRID_RAG,ANSWERED,False,0.2001512050628662,True,NONE,CORRECT_VERSION_MATCH
fact_para_250,legal.counsel@company.com,fact,1.0,1.0,AUTHORIZED,True,ANSWERABLE,HYBRID_RAG,ANSWERED,False,0.17233514785766602,True,NONE,CORRECT_VERSION_MATCH
fact_para_234,ciso@company.com,fact,1.0,,AUTHORIZED,True,ANSWERABLE,ABSTAINED,ABSTAINED,False,0.18333816528320312,False,CONFIDENCE_GATE,ABSTAINED_CONFIDENCE_GATE
fact_235,eng.lead@company.com,fact,1.0,,DENIED,False,ANSWERABLE,ABSTAINED,ABSTAINED,False,0.15125131607055664,False,AUTH_BLOCK,ABSTAINED_AUTH_BLOCK
qa_779,employee@company.com,compiled_qa,1.0,,DENIED,False,ANSWERABLE,ABSTAINED,ABSTAINED,False,0.17677092552185059,False,AUTH_BLOCK,ABSTAINED_AUTH_BLOCK
qa_865,fin.analyst@company.com,compiled_qa,1.0,,DENIED,False,ANSWERABLE,ABSTAINED,ABSTAINED,False,0.16358160972595215,False,AUTH_BLOCK,ABSTAINED_AUTH_BLOCK
fact_249,ops.manager@company.com,fact,1.0,,DENIED,False,ANSWERABLE,ABSTAINED,ABSTAINED,False,0.13980913162231445,False,AUTH_BLOCK,ABSTAINED_AUTH_BLOCK
qa_842,sales.exec@company.com,compiled_qa,1.0,,DENIED,False,ANSWERABLE,ABSTAINED,ABSTAINED,False,0.17649626731872559,False,AUTH_BLOCK,ABSTAINED_AUTH_BLOCK
adv_02,mkt.specialist@company.com,adversarial,,,AUTHORIZED,True,UNANSWERABLE/SPECIAL,ABSTAINED,ABSTAINED,False,0.1701037883758545,False,CONFIDENCE_GATE,UNANSWERABLE_OR_ADVERSARIAL
qa_909,admin@company.com,compiled_qa,1.0,1.0,AUTHORIZED,True,ANSWERABLE,HYBRID_RAG,ANSWERED,False,0.22261285781860352,True,NONE,CORRECT_VERSION_MATCH
fact_253,hr@company.com,fact,1.0,1.0,AUTHORIZED,True,ANSWERABLE,HYBRID_RAG,ANSWERED,False,0.20673084259033203,True,NONE,CORRECT_VERSION_MATCH
qa_940,legal.counsel@company.com,compiled_qa,1.0,1.0,AUTHORIZED,True,ANSWERABLE,HYBRID_RAG,ANSWERED,False,0.15503883361816406,True,NONE,CORRECT_VERSION_MATCH
qa_622,ciso@company.com,compiled_qa,1.0,2.0,AUTHORIZED,True,ANSWERABLE,HYBRID_RAG,ANSWERED,False,0.18260717391967773,False,VERSION_MISMATCH,"VERSION_MISMATCH (expected 1.0, got 2.0)"
qa_669,eng.lead@company.com,compiled_qa,1.0,,DENIED,False,ANSWERABLE,ABSTAINED,ABSTAINED,False,0.1564040184020996,False,AUTH_BLOCK,ABSTAINED_AUTH_BLOCK
qa_682,employee@company.com,compiled_qa,2.0,,DENIED,False,ANSWERABLE,ABSTAINED,ABSTAINED,False,0.16194725036621094,False,AUTH_BLOCK,ABSTAINED_AUTH_BLOCK
qa_697,fin.analyst@company.com,compiled_qa,2.0,,DENIED,False,ANSWERABLE,ABSTAINED,ABSTAINED,False,0.157059907913208,False,AUTH_BLOCK,ABSTAINED_AUTH_BLOCK
qa_942,ops.manager@company.com,compiled_qa,1.0,,DENIED,False,ANSWERABLE,ABSTAINED,ABSTAINED,False,0.15726566314697266,False,AUTH_BLOCK,ABSTAINED_AUTH_BLOCK
fact_233,sales.exec@company.com,fact,1.0,,DENIED,False,ANSWERABLE,ABSTAINED,ABSTAINED,False,0.16162872314453125,False,AUTH_BLOCK,ABSTAINED_AUTH_BLOCK
fact_para_255,mkt.specialist@company.com,fact,1.0,,DENIED,False,ANSWERABLE,ABSTAINED,ABSTAINED,False,0.14308977127075195,False,AUTH_BLOCK,ABSTAINED_AUTH_BLOCK
qa_890,admin@company.com,compiled_qa,1.0,1.0,AUTHORIZED,True,ANSWERABLE,HYBRID_RAG,ANSWERED,False,0.20692968368530273,True,NONE,CORRECT_VERSION_MATCH
