Query ID,Target Date,Gold Expected Version,Predicted Version,Correct,Category
qa_950,Current,1.0,1.0,YES,compiled_qa
qa_618,Current,1.0,2.0,NO,compiled_qa
qa_652,Current,2.0,2.0,YES,compiled_qa
qa_844,Current,1.0,1.0,YES,compiled_qa
qa_650,Current,2.0,1.0,NO,compiled_qa
qa_734,Current,1.0,1.0,YES,compiled_qa
qa_762,Current,1.0,1.0,YES,compiled_qa
qa_885,Current,1.0,1.0,YES,compiled_qa
qa_789,Current,1.0,1.0,YES,compiled_qa
qa_835,Current,1.0,1.0,YES,compiled_qa
qa_790,Current,1.0,1.0,YES,compiled_qa
qa_778,Current,1.0,1.0,YES,compiled_qa
fact_248,Current,1.0,1.0,YES,fact
qa_793,Current,1.0,1.0,YES,compiled_qa
qa_952,Current,1.0,1.0,YES,compiled_qa
sem_04,Current,1.0,None,NO,semantic_retrieval
qa_788,Current,1.0,1.0,YES,compiled_qa
qa_916,Current,1.0,1.0,YES,compiled_qa
adv_03,Current,Any,None,YES,adversarial
qa_781,Current,1.0,2.0,NO,compiled_qa
adv_01,Current,Any,None,YES,adversarial
qa_668,Current,1.0,1.0,YES,compiled_qa
fact_para_236,Current,2.0,2.0,YES,fact
qa_954,Current,1.0,1.0,YES,compiled_qa
qa_673,Current,1.0,None,NO,compiled_qa
sem_08,Current,1.0,None,NO,semantic_retrieval
qa_883,Current,1.0,1.0,YES,compiled_qa
qa_771,Current,1.0,1.0,YES,compiled_qa
qa_831,Current,1.0,1.0,YES,compiled_qa
unans_09,Current,Any,None,YES,unanswerable
qa_910,Current,1.0,1.0,YES,compiled_qa
sem_10,Current,1.0,None,NO,semantic_retrieval
qa_973,Current,1.0,1.0,YES,compiled_qa
qa_816,Current,1.0,1.0,YES,compiled_qa
fact_para_240,Current,2.0,2.0,YES,fact
temp_hist_01,2024-06-15,1.0,None,NO,temporal_historical
qa_911,Current,1.0,1.0,YES,compiled_qa
qa_656,Current,2.0,2.0,YES,compiled_qa
qa_970,Current,1.0,1.0,YES,compiled_qa
fact_para_239,Current,2.0,2.0,YES,fact
qa_843,Current,1.0,1.0,YES,compiled_qa
qa_728,Current,1.0,1.0,YES,compiled_qa
sem_05,Current,1.0,None,NO,semantic_retrieval
comp_02,Current,2.0,1.0,NO,version_comparison
qa_941,Current,1.0,1.0,YES,compiled_qa
qa_947,Current,1.0,1.0,YES,compiled_qa
qa_660,Current,1.0,2.0,NO,compiled_qa
qa_824,Current,1.0,1.0,YES,compiled_qa
qa_643,Current,2.0,2.0,YES,compiled_qa
qa_979,Current,1.0,1.0,YES,compiled_qa
qa_729,Current,1.0,1.0,YES,compiled_qa
qa_776,Current,1.0,1.0,YES,compiled_qa
qa_882,Current,1.0,1.0,YES,compiled_qa
fact_251,Current,1.0,1.0,YES,fact
qa_657,Current,2.0,2.0,YES,compiled_qa
qa_769,Current,1.0,1.0,YES,compiled_qa
qa_900,Current,1.0,1.0,YES,compiled_qa
qa_763,Current,1.0,1.0,YES,compiled_qa
fact_258,Current,1.0,1.0,YES,fact
qa_676,Current,1.0,2.0,NO,compiled_qa
qa_704,Current,2.0,2.0,YES,compiled_qa
qa_703,Current,2.0,2.0,YES,compiled_qa
qa_869,Current,1.0,1.0,YES,compiled_qa
unans_05,Current,Any,None,YES,unanswerable
qa_934,Current,1.0,1.0,YES,compiled_qa
qa_907,Current,1.0,1.0,YES,compiled_qa
qa_681,Current,2.0,2.0,YES,compiled_qa
qa_732,Current,1.0,1.0,YES,compiled_qa
qa_897,Current,1.0,1.0,YES,compiled_qa
fact_257,Current,1.0,1.0,YES,fact
qa_688,Current,2.0,1.0,NO,compiled_qa
qa_805,Current,1.0,1.0,YES,compiled_qa
qa_827,Current,1.0,1.0,YES,compiled_qa
qa_783,Current,1.0,1.0,YES,compiled_qa
fact_231,Current,2.0,2.0,YES,fact
qa_903,Current,1.0,1.0,YES,compiled_qa
fact_para_235,Current,1.0,2.0,NO,fact
qa_809,Current,1.0,1.0,YES,compiled_qa
dept_04,Current,1.0,None,YES,department_auth
qa_967,Current,1.0,1.0,YES,compiled_qa
qa_938,Current,1.0,1.0,YES,compiled_qa
fact_236,Current,2.0,2.0,YES,fact
qa_956,Current,1.0,1.0,YES,compiled_qa
qa_881,Current,1.0,1.0,YES,compiled_qa
qa_832,Current,1.0,1.0,YES,compiled_qa
qa_867,Current,1.0,1.0,YES,compiled_qa
qa_698,Current,2.0,2.0,YES,compiled_qa
sem_03,Current,1.0,2.0,NO,semantic_retrieval
qa_873,Current,1.0,1.0,YES,compiled_qa
qa_639,Current,2.0,2.0,YES,compiled_qa
qa_917,Current,1.0,2.0,NO,compiled_qa
qa_840,Current,1.0,1.0,YES,compiled_qa
qa_964,Current,1.0,1.0,YES,compiled_qa
fact_242,Current,1.0,1.0,YES,fact
qa_794,Current,1.0,1.0,YES,compiled_qa
qa_787,Current,1.0,1.0,YES,compiled_qa
qa_919,Current,1.0,1.0,YES,compiled_qa
qa_889,Current,1.0,1.0,YES,compiled_qa
qa_718,Current,1.0,1.0,YES,compiled_qa
qa_655,Current,2.0,2.0,YES,compiled_qa
qa_905,Current,1.0,1.0,YES,compiled_qa
qa_878,Current,1.0,1.0,YES,compiled_qa
qa_904,Current,1.0,1.0,YES,compiled_qa
qa_637,Current,2.0,2.0,YES,compiled_qa
qa_806,Current,1.0,1.0,YES,compiled_qa
fact_para_259,Current,1.0,1.0,YES,fact
fact_259,Current,1.0,1.0,YES,fact
qa_978,Current,1.0,1.0,YES,compiled_qa
qa_811,Current,1.0,1.0,YES,compiled_qa
fact_para_248,Current,1.0,1.0,YES,fact
qa_948,Current,1.0,1.0,YES,compiled_qa
qa_680,Current,2.0,2.0,YES,compiled_qa
fact_para_241,Current,1.0,1.0,YES,fact
qa_677,Current,1.0,2.0,NO,compiled_qa
qa_716,Current,1.0,1.0,YES,compiled_qa
temp_hist_04,2024-05-01,1.0,2.0,NO,temporal_historical
qa_863,Current,1.0,1.0,YES,compiled_qa
fact_para_231,Current,2.0,2.0,YES,fact
qa_813,Current,1.0,1.0,YES,compiled_qa
qa_726,Current,1.0,1.0,YES,compiled_qa
fact_227,Current,1.0,2.0,NO,fact
qa_834,Current,1.0,1.0,YES,compiled_qa
qa_839,Current,1.0,1.0,YES,compiled_qa
qa_635,Current,2.0,2.0,YES,compiled_qa
qa_754,Current,1.0,1.0,YES,compiled_qa
qa_880,Current,1.0,1.0,YES,compiled_qa
temp_hist_05,2023-11-20,1.0,None,NO,temporal_historical
qa_854,Current,1.0,1.0,YES,compiled_qa
qa_711,Current,1.0,1.0,YES,compiled_qa
fact_254,Current,1.0,1.0,YES,fact
qa_822,Current,1.0,1.0,YES,compiled_qa
qa_644,Current,2.0,2.0,YES,compiled_qa
qa_819,Current,1.0,1.0,YES,compiled_qa
qa_893,Current,1.0,1.0,YES,compiled_qa
fact_para_227,Current,1.0,2.0,NO,fact
qa_943,Current,1.0,1.0,YES,compiled_qa
qa_631,Current,1.0,2.0,NO,compiled_qa
qa_785,Current,1.0,1.0,YES,compiled_qa
qa_960,Current,1.0,1.0,YES,compiled_qa
adv_04,Current,Any,None,YES,adversarial
qa_982,Current,1.0,1.0,YES,compiled_qa
qa_935,Current,1.0,1.0,YES,compiled_qa
qa_965,Current,1.0,1.0,YES,compiled_qa
fact_256,Current,1.0,1.0,YES,fact
fact_para_229,Current,2.0,2.0,YES,fact
qa_846,Current,1.0,1.0,YES,compiled_qa
qa_685,Current,2.0,2.0,YES,compiled_qa
qa_833,Current,1.0,1.0,YES,compiled_qa
qa_802,Current,1.0,1.0,YES,compiled_qa
qa_877,Current,1.0,1.0,YES,compiled_qa
qa_758,Current,1.0,1.0,YES,compiled_qa
qa_760,Current,1.0,1.0,YES,compiled_qa
fact_243,Current,1.0,1.0,YES,fact
qa_868,Current,1.0,1.0,YES,compiled_qa
qa_983,Current,1.0,1.0,YES,compiled_qa
sem_01,Current,1.0,None,NO,semantic_retrieval
qa_629,Current,1.0,2.0,NO,compiled_qa
fact_255,Current,1.0,1.0,YES,fact
fact_239,Current,2.0,2.0,YES,fact
fact_250,Current,1.0,1.0,YES,fact
qa_815,Current,1.0,1.0,YES,compiled_qa
qa_823,Current,1.0,1.0,YES,compiled_qa
qa_621,Current,1.0,2.0,NO,compiled_qa
qa_918,Current,1.0,1.0,YES,compiled_qa
qa_957,Current,1.0,1.0,YES,compiled_qa
qa_767,Current,1.0,1.0,YES,compiled_qa
qa_861,Current,1.0,1.0,YES,compiled_qa
qa_782,Current,1.0,1.0,YES,compiled_qa
qa_862,Current,1.0,1.0,YES,compiled_qa
qa_691,Current,2.0,None,NO,compiled_qa
qa_838,Current,1.0,1.0,YES,compiled_qa
comp_01,Current,2.0,1.0,NO,version_comparison
qa_683,Current,2.0,2.0,YES,compiled_qa
unans_08,Current,Any,2.0,NO,unanswerable
qa_969,Current,1.0,1.0,YES,compiled_qa
qa_624,Current,1.0,2.0,NO,compiled_qa
qa_797,Current,1.0,1.0,YES,compiled_qa
qa_892,Current,1.0,1.0,YES,compiled_qa
qa_765,Current,1.0,1.0,YES,compiled_qa
qa_818,Current,1.0,1.0,YES,compiled_qa
qa_898,Current,1.0,1.0,YES,compiled_qa
qa_908,Current,1.0,1.0,YES,compiled_qa
qa_933,Current,1.0,1.0,YES,compiled_qa
qa_853,Current,1.0,1.0,YES,compiled_qa
qa_663,Current,1.0,2.0,NO,compiled_qa
fact_para_243,Current,1.0,1.0,YES,fact
qa_694,Current,2.0,None,NO,compiled_qa
qa_768,Current,1.0,1.0,YES,compiled_qa
qa_720,Current,1.0,1.0,YES,compiled_qa
conf_01,Current,1.0,None,YES,confidentiality
qa_672,Current,1.0,2.0,NO,compiled_qa
fact_241,Current,1.0,1.0,YES,fact
qa_727,Current,1.0,1.0,YES,compiled_qa
qa_913,Current,1.0,1.0,YES,compiled_qa
sem_09,Current,1.0,1.0,YES,semantic_retrieval
qa_848,Current,1.0,1.0,YES,compiled_qa
qa_915,Current,1.0,1.0,YES,compiled_qa
adv_05,Current,Any,None,YES,adversarial
qa_695,Current,2.0,None,NO,compiled_qa
qa_945,Current,1.0,1.0,YES,compiled_qa
qa_799,Current,1.0,1.0,YES,compiled_qa
unans_07,Current,Any,None,YES,unanswerable
unans_10,Current,Any,None,YES,unanswerable
qa_836,Current,1.0,1.0,YES,compiled_qa
qa_640,Current,2.0,2.0,YES,compiled_qa
unans_04,Current,Any,None,YES,unanswerable
qa_874,Current,1.0,1.0,YES,compiled_qa
fact_245,Current,1.0,1.0,YES,fact
qa_894,Current,1.0,1.0,YES,compiled_qa
qa_912,Current,1.0,1.0,YES,compiled_qa
temp_hist_02,2023-08-10,1.0,1.0,YES,temporal_historical
qa_693,Current,2.0,2.0,YES,compiled_qa
qa_906,Current,1.0,1.0,YES,compiled_qa
qa_662,Current,1.0,2.0,NO,compiled_qa
qa_744,Current,1.0,1.0,YES,compiled_qa
qa_752,Current,1.0,1.0,YES,compiled_qa
qa_636,Current,2.0,2.0,YES,compiled_qa
qa_749,Current,1.0,2.0,NO,compiled_qa
qa_888,Current,1.0,1.0,YES,compiled_qa
qa_795,Current,1.0,1.0,YES,compiled_qa
qa_981,Current,1.0,1.0,YES,compiled_qa
qa_974,Current,1.0,1.0,YES,compiled_qa
fact_para_252,Current,1.0,1.0,YES,fact
dept_01,Current,1.0,1.0,NO,department_auth
qa_962,Current,1.0,1.0,YES,compiled_qa
qa_707,Current,1.0,1.0,YES,compiled_qa
qa_671,Current,1.0,None,NO,compiled_qa
qa_901,Current,1.0,1.0,YES,compiled_qa
fact_para_238,Current,2.0,2.0,YES,fact
fact_para_244,Current,1.0,1.0,YES,fact
qa_923,Current,1.0,1.0,YES,compiled_qa
qa_651,Current,2.0,2.0,YES,compiled_qa
qa_858,Current,1.0,1.0,YES,compiled_qa
qa_748,Current,1.0,1.0,YES,compiled_qa
qa_879,Current,1.0,1.0,YES,compiled_qa
qa_884,Current,1.0,1.0,YES,compiled_qa
qa_709,Current,1.0,1.0,YES,compiled_qa
qa_845,Current,1.0,1.0,YES,compiled_qa
fact_247,Current,1.0,1.0,YES,fact
qa_756,Current,1.0,1.0,YES,compiled_qa
fact_para_258,Current,1.0,1.0,YES,fact
qa_837,Current,1.0,1.0,YES,compiled_qa
qa_798,Current,1.0,1.0,YES,compiled_qa
qa_936,Current,1.0,1.0,YES,compiled_qa
fact_238,Current,2.0,2.0,YES,fact
qa_692,Current,2.0,None,NO,compiled_qa
qa_872,Current,1.0,1.0,YES,compiled_qa
qa_737,Current,1.0,1.0,YES,compiled_qa
qa_746,Current,1.0,1.0,YES,compiled_qa
fact_para_251,Current,1.0,1.0,YES,fact
qa_757,Current,1.0,1.0,YES,compiled_qa
dept_03,Current,1.0,None,YES,department_auth
unans_06,Current,Any,None,YES,unanswerable
qa_733,Current,1.0,1.0,YES,compiled_qa
qa_953,Current,1.0,1.0,YES,compiled_qa
qa_665,Current,1.0,2.0,NO,compiled_qa
qa_630,Current,1.0,2.0,NO,compiled_qa
sem_06,Current,1.0,None,NO,semantic_retrieval
qa_735,Current,1.0,1.0,YES,compiled_qa
conf_02,Current,1.0,None,YES,confidentiality
qa_920,Current,1.0,1.0,YES,compiled_qa
qa_632,Current,1.0,2.0,NO,compiled_qa
qa_975,Current,1.0,1.0,YES,compiled_qa
qa_951,Current,1.0,1.0,YES,compiled_qa
fact_para_228,Current,1.0,2.0,NO,fact
qa_977,Current,1.0,1.0,YES,compiled_qa
qa_699,Current,2.0,2.0,YES,compiled_qa
qa_864,Current,1.0,1.0,YES,compiled_qa
qa_792,Current,1.0,1.0,YES,compiled_qa
qa_667,Current,1.0,2.0,NO,compiled_qa
qa_777,Current,1.0,1.0,YES,compiled_qa
unans_03,Current,Any,None,YES,unanswerable
qa_922,Current,1.0,1.0,YES,compiled_qa
qa_895,Current,1.0,1.0,YES,compiled_qa
qa_929,Current,1.0,1.0,YES,compiled_qa
qa_654,Current,2.0,2.0,YES,compiled_qa
qa_850,Current,1.0,1.0,YES,compiled_qa
fact_para_233,Current,1.0,2.0,NO,fact
qa_871,Current,1.0,1.0,YES,compiled_qa
qa_821,Current,1.0,1.0,YES,compiled_qa
qa_674,Current,1.0,None,NO,compiled_qa
qa_666,Current,1.0,2.0,NO,compiled_qa
fact_para_250,Current,1.0,1.0,YES,fact
fact_para_234,Current,1.0,2.0,NO,fact
fact_235,Current,1.0,2.0,NO,fact
qa_779,Current,1.0,1.0,YES,compiled_qa
qa_865,Current,1.0,1.0,YES,compiled_qa
fact_249,Current,1.0,1.0,YES,fact
qa_842,Current,1.0,1.0,YES,compiled_qa
adv_02,Current,Any,None,YES,adversarial
qa_909,Current,1.0,1.0,YES,compiled_qa
fact_253,Current,1.0,1.0,YES,fact
qa_940,Current,1.0,2.0,NO,compiled_qa
qa_622,Current,1.0,2.0,NO,compiled_qa
qa_669,Current,1.0,1.0,YES,compiled_qa
qa_682,Current,2.0,2.0,YES,compiled_qa
qa_697,Current,2.0,2.0,YES,compiled_qa
qa_942,Current,1.0,1.0,YES,compiled_qa
fact_233,Current,1.0,2.0,NO,fact
fact_para_255,Current,1.0,1.0,YES,fact
qa_890,Current,1.0,1.0,YES,compiled_qa
